record_id,population,supplement,dose,comparator,outcome,safety_signal,locator,linked_target
pubmed:38811233:pubmed_anticoag_refined_20260531T223335_90c4eb6f,anticoagulant users with bleeding or INR concern,epa,manual extraction required,manual extraction required,bleeding,candidate safety signal from title/abstract keyword classification,title/abstract,anticoag_refined
pubmed:36304597:pubmed_anticoag_refined_20260531T223335_90c4eb6f,anticoagulant users with bleeding or INR concern,fish oil; cranberry; glucosamine; herbal; supplement,manual extraction required,manual extraction required,bleeding,candidate safety signal from title/abstract keyword classification,title/abstract,anticoag_refined
pubmed:35776157:pubmed_anticoag_refined_20260531T223335_90c4eb6f,anticoagulant users with bleeding or INR concern,fish oil,manual extraction required,manual extraction required,bleeding; hemorrhage; adverse event,candidate safety signal from title/abstract keyword classification,title/abstract,anticoag_refined
pubmed:35364298:pubmed_anticoag_refined_20260531T223335_90c4eb6f,anticoagulant users with bleeding or INR concern,fish oil,manual extraction required,manual extraction required,hemorrhage,candidate safety signal from title/abstract keyword classification,title/abstract,anticoag_refined
pubmed:34555978:pubmed_anticoag_refined_20260531T223335_90c4eb6f,anticoagulant users with bleeding or INR concern,epa,manual extraction required,manual extraction required,hemorrhage; platelet,candidate safety signal from title/abstract keyword classification,title/abstract,anticoag_refined
pubmed:34298589:pubmed_anticoag_refined_20260531T223335_90c4eb6f,anticoagulant users with bleeding or INR concern,fish oil,manual extraction required,manual extraction required,bleeding,candidate safety signal from title/abstract keyword classification,title/abstract,anticoag_refined
pubmed:32567446:pubmed_anticoag_refined_20260531T223335_90c4eb6f,anticoagulant users with bleeding or INR concern,fish oil,manual extraction required,manual extraction required,bleeding,candidate safety signal from title/abstract keyword classification,title/abstract,anticoag_refined
pubmed:32243872:pubmed_anticoag_refined_20260531T223335_90c4eb6f,anticoagulant users with bleeding or INR concern,omega-3; epa,manual extraction required,manual extraction required,bleeding,candidate safety signal from title/abstract keyword classification,title/abstract,anticoag_refined
pubmed:30369592:pubmed_anticoag_refined_20260531T223335_90c4eb6f,anticoagulant users with bleeding or INR concern,fish oil,manual extraction required,manual extraction required,bleeding,candidate safety signal from title/abstract keyword classification,title/abstract,anticoag_refined
pubmed:29627068:pubmed_anticoag_refined_20260531T223335_90c4eb6f,anticoagulant users with bleeding or INR concern,omega-3; fish oil,manual extraction required,manual extraction required,bleeding; platelet,not treated as evidence until human review,title/abstract,anticoag_refined
pubmed:29299477:pubmed_anticoag_refined_20260531T223335_90c4eb6f,anticoagulant users with bleeding or INR concern,fish oil; supplement,manual extraction required,manual extraction required,bleeding,candidate safety signal from title/abstract keyword classification,title/abstract,anticoag_refined
pubmed:29256925:pubmed_anticoag_refined_20260531T223335_90c4eb6f,anticoagulant users with bleeding or INR concern,fish oil; vitamin k,manual extraction required,manual extraction required,bleeding,candidate safety signal from title/abstract keyword classification,title/abstract,anticoag_refined
pubmed:28197979:pubmed_anticoag_refined_20260531T223335_90c4eb6f,anticoagulant users with bleeding or INR concern,omega-3; epa,manual extraction required,manual extraction required,inr; platelet; interaction,candidate safety signal from title/abstract keyword classification,title/abstract,anticoag_refined
pubmed:28033135:pubmed_anticoag_refined_20260531T223335_90c4eb6f,anticoagulant users with bleeding or INR concern,omega-3; fish oil,manual extraction required,manual extraction required,bleeding; platelet,candidate safety signal from title/abstract keyword classification,title/abstract,anticoag_refined
pubmed:27885969:pubmed_anticoag_refined_20260531T223335_90c4eb6f,anticoagulant users with bleeding or INR concern,omega-3,manual extraction required,manual extraction required,bleeding; hemorrhage; haemorrhage; platelet; adverse event,not treated as evidence until human review,title/abstract,anticoag_refined
pubmed:27657121:pubmed_anticoag_refined_20260531T223335_90c4eb6f,anticoagulant users with bleeding or INR concern,omega-3; fish oil; supplement,manual extraction required,manual extraction required,bleeding,candidate safety signal from title/abstract keyword classification,title/abstract,anticoag_refined
pubmed:27325362:pubmed_anticoag_refined_20260531T223335_90c4eb6f,anticoagulant users with bleeding or INR concern,manual extraction required,manual extraction required,manual extraction required,hemorrhage,"weak candidate signal, human verification required",title/abstract,anticoag_refined
pubmed:27212967:pubmed_anticoag_refined_20260531T223335_90c4eb6f,anticoagulant users with bleeding or INR concern,omega-3; polyunsaturated fatty acid,manual extraction required,manual extraction required,bleeding,candidate safety signal from title/abstract keyword classification,title/abstract,anticoag_refined
pubmed:26904189:pubmed_anticoag_refined_20260531T223335_90c4eb6f,anticoagulant users with bleeding or INR concern,fish oil,manual extraction required,manual extraction required,bleeding,candidate safety signal from title/abstract keyword classification,title/abstract,anticoag_refined
pubmed:26184395:pubmed_anticoag_refined_20260531T223335_90c4eb6f,anticoagulant users with bleeding or INR concern,fish oil,manual extraction required,manual extraction required,bleeding; platelet,candidate safety signal from title/abstract keyword classification,title/abstract,anticoag_refined
pubmed:42218370:pubmed_kidney_stone_refined_20260531T223339_33755914,kidney stone or hypercalciuria risk group,calcium,manual extraction required,manual extraction required,recurrence,candidate safety signal from title/abstract keyword classification,title/abstract,kidney_stone_refined
pubmed:42212267:pubmed_kidney_stone_refined_20260531T223339_33755914,kidney stone or hypercalciuria risk group,calcium,manual extraction required,manual extraction required,recurrence,not treated as evidence until human review,title/abstract,kidney_stone_refined
pubmed:42199063:pubmed_kidney_stone_refined_20260531T223339_33755914,kidney stone or hypercalciuria risk group,calcium; vitamin d,manual extraction required,manual extraction required,nephrolithiasis; recurrence,candidate safety signal from title/abstract keyword classification,title/abstract,kidney_stone_refined
pubmed:42194937:pubmed_kidney_stone_refined_20260531T223339_33755914,kidney stone or hypercalciuria risk group,calcium; vitamin d,manual extraction required,manual extraction required,hypercalcemia; hypercalciuria; nephrolithiasis,candidate safety signal from title/abstract keyword classification,title/abstract,kidney_stone_refined
pubmed:42189825:pubmed_kidney_stone_refined_20260531T223339_33755914,kidney stone or hypercalciuria risk group,calcium,manual extraction required,manual extraction required,nephrolithiasis,candidate safety signal from title/abstract keyword classification,title/abstract,kidney_stone_refined
pubmed:42182979:pubmed_kidney_stone_refined_20260531T223339_33755914,kidney stone or hypercalciuria risk group,calcium; vitamin d,manual extraction required,manual extraction required,kidney stone; adverse,candidate safety signal from title/abstract keyword classification,title/abstract,kidney_stone_refined
pubmed:42176144:pubmed_kidney_stone_refined_20260531T223339_33755914,kidney stone or hypercalciuria risk group,calcium,manual extraction required,manual extraction required,kidney stone; nephrolithiasis,candidate safety signal from title/abstract keyword classification,title/abstract,kidney_stone_refined
pubmed:42166177:pubmed_kidney_stone_refined_20260531T223339_33755914,kidney stone or hypercalciuria risk group,calcium; vitamin d,manual extraction required,manual extraction required,nephrolithiasis; adverse,candidate safety signal from title/abstract keyword classification,title/abstract,kidney_stone_refined
pubmed:42164543:pubmed_kidney_stone_refined_20260531T223339_33755914,kidney stone or hypercalciuria risk group,vitamin d,manual extraction required,manual extraction required,nephrolithiasis,candidate safety signal from title/abstract keyword classification,title/abstract,kidney_stone_refined
pubmed:42161334:pubmed_kidney_stone_refined_20260531T223339_33755914,kidney stone or hypercalciuria risk group,calcium,manual extraction required,manual extraction required,hypercalciuria; adverse,candidate safety signal from title/abstract keyword classification,title/abstract,kidney_stone_refined
pubmed:42158881:pubmed_kidney_stone_refined_20260531T223339_33755914,kidney stone or hypercalciuria risk group,calcium,manual extraction required,manual extraction required,kidney stone; nephrolithiasis; recurrence,candidate safety signal from title/abstract keyword classification,title/abstract,kidney_stone_refined
pubmed:42154023:pubmed_kidney_stone_refined_20260531T223339_33755914,kidney stone or hypercalciuria risk group,calcium,manual extraction required,manual extraction required,recurrence,candidate safety signal from title/abstract keyword classification,title/abstract,kidney_stone_refined
pubmed:42152638:pubmed_kidney_stone_refined_20260531T223339_33755914,kidney stone or hypercalciuria risk group,calcium,manual extraction required,manual extraction required,kidney stone; recurrence,not treated as evidence until human review,title/abstract,kidney_stone_refined
pubmed:42147788:pubmed_kidney_stone_refined_20260531T223339_33755914,kidney stone or hypercalciuria risk group,calcium,manual extraction required,manual extraction required,kidney stone; recurrence; adverse,candidate safety signal from title/abstract keyword classification,title/abstract,kidney_stone_refined
pubmed:42136917:pubmed_kidney_stone_refined_20260531T223339_33755914,kidney stone or hypercalciuria risk group,calcium,manual extraction required,manual extraction required,kidney stone; nephrolithiasis,candidate safety signal from title/abstract keyword classification,title/abstract,kidney_stone_refined
pubmed:42133563:pubmed_kidney_stone_refined_20260531T223339_33755914,kidney stone or hypercalciuria risk group,calcium,manual extraction required,manual extraction required,nephrolithiasis; recurrence,not treated as evidence until human review,title/abstract,kidney_stone_refined
pubmed:42129239:pubmed_kidney_stone_refined_20260531T223339_33755914,kidney stone or hypercalciuria risk group,calcium,manual extraction required,manual extraction required,hypercalcemia; hypercalciuria; nephrolithiasis,candidate safety signal from title/abstract keyword classification,title/abstract,kidney_stone_refined
pubmed:42128230:pubmed_kidney_stone_refined_20260531T223339_33755914,kidney stone or hypercalciuria risk group,calcium,manual extraction required,manual extraction required,hypercalciuria; nephrolithiasis,candidate safety signal from title/abstract keyword classification,title/abstract,kidney_stone_refined
pubmed:42105121:pubmed_kidney_stone_refined_20260531T223339_33755914,kidney stone or hypercalciuria risk group,calcium,manual extraction required,manual extraction required,nephrolithiasis; adverse,not treated as evidence until human review,title/abstract,kidney_stone_refined
pubmed:42103208:pubmed_kidney_stone_refined_20260531T223339_33755914,kidney stone or hypercalciuria risk group,calcium,manual extraction required,manual extraction required,recurrence,candidate safety signal from title/abstract keyword classification,title/abstract,kidney_stone_refined
pubmed:28317415:pubmed_anticoag_refined_20260603T125913_ece52619,anticoagulant users with bleeding or INR concern,vitamin k,manual extraction required,manual extraction required,bleeding,candidate safety signal from title/abstract keyword classification,title/abstract,anticoag_refined
pubmed:39644000:pubmed_anticoag_refined_20260603T125913_ece52619,anticoagulant users with bleeding or INR concern,vitamin k,manual extraction required,manual extraction required,inr; interaction,candidate safety signal from title/abstract keyword classification,title/abstract,anticoag_refined
pubmed:36244055:pubmed_anticoag_refined_20260603T125913_ece52619,anticoagulant users with bleeding or INR concern,vitamin k,manual extraction required,manual extraction required,bleeding; hemorrhage,candidate safety signal from title/abstract keyword classification,title/abstract,anticoag_refined
pubmed:39288907:pubmed_anticoag_refined_20260603T125913_ece52619,anticoagulant users with bleeding or INR concern,vitamin k; cranberry; herbal,manual extraction required,manual extraction required,bleeding,candidate safety signal from title/abstract keyword classification,title/abstract,anticoag_refined
pubmed:36304597:pubmed_anticoag_refined_20260603T125913_ece52619,anticoagulant users with bleeding or INR concern,fish oil; cranberry; glucosamine; herbal; supplement,manual extraction required,manual extraction required,bleeding,not treated as evidence until human review,title/abstract,anticoag_refined
pubmed:27754958:pubmed_anticoag_refined_20260603T125913_ece52619,anticoagulant users with bleeding or INR concern,vitamin k,manual extraction required,manual extraction required,inr,candidate safety signal from title/abstract keyword classification,title/abstract,anticoag_refined
pubmed:21364039:pubmed_anticoag_refined_20260603T125913_ece52619,anticoagulant users with bleeding or INR concern,cranberry; herbal,manual extraction required,manual extraction required,inr; interaction,candidate safety signal from title/abstract keyword classification,title/abstract,anticoag_refined
pubmed:33212808:pubmed_anticoag_refined_20260603T125913_ece52619,anticoagulant users with bleeding or INR concern,vitamin k,manual extraction required,manual extraction required,inr,candidate safety signal from title/abstract keyword classification,title/abstract,anticoag_refined
pubmed:18666848:pubmed_anticoag_refined_20260603T125913_ece52619,anticoagulant users with bleeding or INR concern,vitamin k,manual extraction required,manual extraction required,inr,candidate safety signal from title/abstract keyword classification,title/abstract,anticoag_refined
pubmed:38795872:pubmed_anticoag_refined_20260603T125913_ece52619,anticoagulant users with bleeding or INR concern,vitamin k,manual extraction required,manual extraction required,bleeding; inr,candidate safety signal from title/abstract keyword classification,title/abstract,anticoag_refined
pubmed:38958388:pubmed_anticoag_refined_20260603T125913_ece52619,anticoagulant users with bleeding or INR concern,vitamin k,manual extraction required,manual extraction required,hemorrhage; inr,candidate safety signal from title/abstract keyword classification,title/abstract,anticoag_refined
pubmed:35533748:pubmed_anticoag_refined_20260603T125913_ece52619,anticoagulant users with bleeding or INR concern,vitamin k,manual extraction required,manual extraction required,bleeding; inr,candidate safety signal from title/abstract keyword classification,title/abstract,anticoag_refined
pubmed:24832594:pubmed_anticoag_refined_20260603T125913_ece52619,anticoagulant users with bleeding or INR concern,vitamin k,manual extraction required,manual extraction required,bleeding; haemorrhage; inr,candidate safety signal from title/abstract keyword classification,title/abstract,anticoag_refined
pubmed:35834523:pubmed_anticoag_refined_20260603T125913_ece52619,anticoagulant users with bleeding or INR concern,vitamin k,manual extraction required,manual extraction required,bleeding; inr,candidate safety signal from title/abstract keyword classification,title/abstract,anticoag_refined
pubmed:14639058:pubmed_anticoag_refined_20260603T125913_ece52619,anticoagulant users with bleeding or INR concern,vitamin k,manual extraction required,manual extraction required,bleeding; inr,candidate safety signal from title/abstract keyword classification,title/abstract,anticoag_refined
pubmed:33614342:pubmed_anticoag_refined_20260603T125913_ece52619,anticoagulant users with bleeding or INR concern,vitamin k,manual extraction required,manual extraction required,bleeding; inr,candidate safety signal from title/abstract keyword classification,title/abstract,anticoag_refined
pubmed:17143047:pubmed_anticoag_refined_20260603T125913_ece52619,anticoagulant users with bleeding or INR concern,vitamin k,manual extraction required,manual extraction required,inr; interaction,candidate safety signal from title/abstract keyword classification,title/abstract,anticoag_refined
pubmed:16610971:pubmed_anticoag_refined_20260603T125913_ece52619,anticoagulant users with bleeding or INR concern,vitamin k; herbal; supplement,manual extraction required,manual extraction required,bleeding,candidate safety signal from title/abstract keyword classification,title/abstract,anticoag_refined
pubmed:27785043:pubmed_anticoag_refined_20260603T125913_ece52619,anticoagulant users with bleeding or INR concern,vitamin k,manual extraction required,manual extraction required,inr,candidate safety signal from title/abstract keyword classification,title/abstract,anticoag_refined
pubmed:34652608:pubmed_anticoag_refined_20260603T125913_ece52619,anticoagulant users with bleeding or INR concern,manual extraction required,manual extraction required,manual extraction required,inr,"weak candidate signal, human verification required",title/abstract,anticoag_refined
pubmed:7863972:pubmed_anticoag_refined_20260603T125913_ece52619,anticoagulant users with bleeding or INR concern,vitamin k,manual extraction required,manual extraction required,bleeding; inr,candidate safety signal from title/abstract keyword classification,title/abstract,anticoag_refined
pubmed:22077529:pubmed_anticoag_refined_20260603T125913_ece52619,anticoagulant users with bleeding or INR concern,vitamin k,manual extraction required,manual extraction required,bleeding,candidate safety signal from title/abstract keyword classification,title/abstract,anticoag_refined
pubmed:31209952:pubmed_anticoag_refined_20260603T125913_ece52619,anticoagulant users with bleeding or INR concern,vitamin k,manual extraction required,manual extraction required,bleeding; hemorrhage,candidate safety signal from title/abstract keyword classification,title/abstract,anticoag_refined
pubmed:27913535:pubmed_anticoag_refined_20260603T125913_ece52619,anticoagulant users with bleeding or INR concern,vitamin k,manual extraction required,manual extraction required,bleeding; inr; interaction,candidate safety signal from title/abstract keyword classification,title/abstract,anticoag_refined
pubmed:36940171:pubmed_anticoag_refined_20260603T125913_ece52619,anticoagulant users with bleeding or INR concern,vitamin k,manual extraction required,manual extraction required,bleeding; inr,candidate safety signal from title/abstract keyword classification,title/abstract,anticoag_refined
pubmed:33895864:pubmed_anticoag_refined_20260603T125913_ece52619,anticoagulant users with bleeding or INR concern,vitamin k,manual extraction required,manual extraction required,inr; interaction,candidate safety signal from title/abstract keyword classification,title/abstract,anticoag_refined
pubmed:35149398:pubmed_anticoag_refined_20260603T125913_ece52619,anticoagulant users with bleeding or INR concern,vitamin k,manual extraction required,manual extraction required,inr,candidate safety signal from title/abstract keyword classification,title/abstract,anticoag_refined
pubmed:18636228:pubmed_anticoag_refined_20260603T125913_ece52619,anticoagulant users with bleeding or INR concern,vitamin k,manual extraction required,manual extraction required,inr,candidate safety signal from title/abstract keyword classification,title/abstract,anticoag_refined
pubmed:15630483:pubmed_anticoag_refined_20260603T125913_ece52619,anticoagulant users with bleeding or INR concern,vitamin k; herbal,manual extraction required,manual extraction required,bleeding; inr; platelet,candidate safety signal from title/abstract keyword classification,title/abstract,anticoag_refined
pubmed:28249326:pubmed_anticoag_refined_20260603T125913_ece52619,anticoagulant users with bleeding or INR concern,vitamin k,manual extraction required,manual extraction required,bleeding,candidate safety signal from title/abstract keyword classification,title/abstract,anticoag_refined
pubmed:33543639:pubmed_anticoag_refined_20260603T125913_ece52619,anticoagulant users with bleeding or INR concern,vitamin k,manual extraction required,manual extraction required,inr,candidate safety signal from title/abstract keyword classification,title/abstract,anticoag_refined
pubmed:30850385:pubmed_anticoag_refined_20260603T125913_ece52619,anticoagulant users with bleeding or INR concern,vitamin k,manual extraction required,manual extraction required,bleeding; inr,candidate safety signal from title/abstract keyword classification,title/abstract,anticoag_refined
pubmed:30157037:pubmed_anticoag_refined_20260603T125913_ece52619,anticoagulant users with bleeding or INR concern,vitamin k,manual extraction required,manual extraction required,bleeding; hemorrhage,candidate safety signal from title/abstract keyword classification,title/abstract,anticoag_refined
pubmed:14967065:pubmed_anticoag_refined_20260603T125913_ece52619,anticoagulant users with bleeding or INR concern,vitamin k,manual extraction required,manual extraction required,bleeding; hemorrhage; inr,candidate safety signal from title/abstract keyword classification,title/abstract,anticoag_refined
pubmed:16505257:pubmed_anticoag_refined_20260603T125913_ece52619,anticoagulant users with bleeding or INR concern,vitamin k,manual extraction required,manual extraction required,bleeding; hemorrhage; inr,candidate safety signal from title/abstract keyword classification,title/abstract,anticoag_refined
pubmed:25033004:pubmed_anticoag_refined_20260603T125913_ece52619,anticoagulant users with bleeding or INR concern,vitamin k,manual extraction required,manual extraction required,bleeding; hemorrhage,candidate safety signal from title/abstract keyword classification,title/abstract,anticoag_refined
pubmed:26420063:pubmed_anticoag_refined_20260603T125913_ece52619,anticoagulant users with bleeding or INR concern,vitamin k,manual extraction required,manual extraction required,bleeding,candidate safety signal from title/abstract keyword classification,title/abstract,anticoag_refined
pubmed:40460572:pubmed_anticoag_refined_20260603T125913_ece52619,anticoagulant users with bleeding or INR concern,vitamin k,manual extraction required,manual extraction required,inr,candidate safety signal from title/abstract keyword classification,title/abstract,anticoag_refined
pubmed:38716521:pubmed_anticoag_refined_20260603T125913_ece52619,anticoagulant users with bleeding or INR concern,vitamin k,manual extraction required,manual extraction required,inr,candidate safety signal from title/abstract keyword classification,title/abstract,anticoag_refined
pubmed:22231999:pubmed_anticoag_refined_20260603T125913_ece52619,anticoagulant users with bleeding or INR concern,cranberry,manual extraction required,manual extraction required,inr; interaction,candidate safety signal from title/abstract keyword classification,title/abstract,anticoag_refined
pubmed:27052207:pubmed_anticoag_refined_20260603T125913_ece52619,anticoagulant users with bleeding or INR concern,vitamin k,manual extraction required,manual extraction required,inr; interaction,candidate safety signal from title/abstract keyword classification,title/abstract,anticoag_refined
pubmed:18549907:pubmed_anticoag_refined_20260603T125913_ece52619,anticoagulant users with bleeding or INR concern,vitamin k,manual extraction required,manual extraction required,bleeding; haemorrhage; inr,candidate safety signal from title/abstract keyword classification,title/abstract,anticoag_refined
pubmed:19882303:pubmed_anticoag_refined_20260603T125913_ece52619,anticoagulant users with bleeding or INR concern,vitamin k,manual extraction required,manual extraction required,bleeding; inr,candidate safety signal from title/abstract keyword classification,title/abstract,anticoag_refined
pubmed:31171018:pubmed_anticoag_refined_20260603T125913_ece52619,anticoagulant users with bleeding or INR concern,vitamin k,manual extraction required,manual extraction required,hemorrhage,candidate safety signal from title/abstract keyword classification,title/abstract,anticoag_refined
pubmed:30714620:pubmed_anticoag_refined_20260603T125913_ece52619,anticoagulant users with bleeding or INR concern,vitamin k,manual extraction required,manual extraction required,inr,candidate safety signal from title/abstract keyword classification,title/abstract,anticoag_refined
pubmed:32270628:pubmed_anticoag_refined_20260603T125913_ece52619,anticoagulant users with bleeding or INR concern,vitamin k,manual extraction required,manual extraction required,inr,candidate safety signal from title/abstract keyword classification,title/abstract,anticoag_refined
pubmed:17565042:pubmed_anticoag_refined_20260603T125913_ece52619,anticoagulant users with bleeding or INR concern,vitamin k,manual extraction required,manual extraction required,bleeding; hemorrhage; inr; interaction,candidate safety signal from title/abstract keyword classification,title/abstract,anticoag_refined
pubmed:16786467:pubmed_anticoag_refined_20260603T125913_ece52619,anticoagulant users with bleeding or INR concern,vitamin k,manual extraction required,manual extraction required,bleeding; inr,candidate safety signal from title/abstract keyword classification,title/abstract,anticoag_refined
pubmed:26573697:pubmed_anticoag_refined_20260603T125913_ece52619,anticoagulant users with bleeding or INR concern,vitamin k,manual extraction required,manual extraction required,bleeding; hemorrhage,candidate safety signal from title/abstract keyword classification,title/abstract,anticoag_refined
pubmed:35491419:pubmed_anticoag_refined_20260603T125913_ece52619,anticoagulant users with bleeding or INR concern,vitamin k,manual extraction required,manual extraction required,bleeding; hemorrhage; inr; adverse event,candidate safety signal from title/abstract keyword classification,title/abstract,anticoag_refined
pubmed:16492066:pubmed_anticoag_refined_20260603T125913_ece52619,anticoagulant users with bleeding or INR concern,vitamin k,manual extraction required,manual extraction required,bleeding; haemorrhage,candidate safety signal from title/abstract keyword classification,title/abstract,anticoag_refined
pubmed:22973107:pubmed_anticoag_refined_20260603T125913_ece52619,anticoagulant users with bleeding or INR concern,vitamin k,manual extraction required,manual extraction required,inr,candidate safety signal from title/abstract keyword classification,title/abstract,anticoag_refined
pubmed:32282500:pubmed_anticoag_refined_20260603T125913_ece52619,anticoagulant users with bleeding or INR concern,vitamin k,manual extraction required,manual extraction required,inr,candidate safety signal from title/abstract keyword classification,title/abstract,anticoag_refined
pubmed:12523469:pubmed_anticoag_refined_20260603T125913_ece52619,anticoagulant users with bleeding or INR concern,vitamin k,manual extraction required,manual extraction required,inr; interaction,candidate safety signal from title/abstract keyword classification,title/abstract,anticoag_refined
pubmed:22114781:pubmed_anticoag_refined_20260603T125913_ece52619,anticoagulant users with bleeding or INR concern,vitamin k,manual extraction required,manual extraction required,inr,candidate safety signal from title/abstract keyword classification,title/abstract,anticoag_refined
pubmed:16945054:pubmed_anticoag_refined_20260603T125913_ece52619,anticoagulant users with bleeding or INR concern,cranberry,manual extraction required,manual extraction required,bleeding; interaction,candidate safety signal from title/abstract keyword classification,title/abstract,anticoag_refined
pubmed:10917378:pubmed_anticoag_refined_20260603T125913_ece52619,anticoagulant users with bleeding or INR concern,vitamin k,manual extraction required,manual extraction required,inr; interaction,candidate safety signal from title/abstract keyword classification,title/abstract,anticoag_refined
pubmed:14742793:pubmed_anticoag_refined_20260603T125913_ece52619,anticoagulant users with bleeding or INR concern,omega-3; fish oil; polyunsaturated fatty acid; vitamin k; herbal,manual extraction required,manual extraction required,inr; platelet; interaction,candidate safety signal from title/abstract keyword classification,title/abstract,anticoag_refined
pubmed:25112306:pubmed_anticoag_refined_20260603T125913_ece52619,anticoagulant users with bleeding or INR concern,cranberry,manual extraction required,manual extraction required,inr,candidate safety signal from title/abstract keyword classification,title/abstract,anticoag_refined
pubmed:23790596:pubmed_anticoag_refined_20260603T125913_ece52619,anticoagulant users with bleeding or INR concern,vitamin k,manual extraction required,manual extraction required,bleeding; inr,candidate safety signal from title/abstract keyword classification,title/abstract,anticoag_refined
pubmed:22467528:pubmed_anticoag_refined_20260603T125913_ece52619,anticoagulant users with bleeding or INR concern,vitamin k,manual extraction required,manual extraction required,inr,candidate safety signal from title/abstract keyword classification,title/abstract,anticoag_refined
pubmed:37892697:pubmed_anticoag_refined_20260603T125913_ece52619,anticoagulant users with bleeding or INR concern,vitamin k,manual extraction required,manual extraction required,bleeding,candidate safety signal from title/abstract keyword classification,title/abstract,anticoag_refined
pubmed:35261442:pubmed_anticoag_refined_20260603T125913_ece52619,anticoagulant users with bleeding or INR concern,vitamin k,manual extraction required,manual extraction required,bleeding; hemorrhage; inr,candidate safety signal from title/abstract keyword classification,title/abstract,anticoag_refined
pubmed:39687922:pubmed_anticoag_refined_20260603T125913_ece52619,anticoagulant users with bleeding or INR concern,vitamin k,manual extraction required,manual extraction required,bleeding; inr,not treated as evidence until human review,title/abstract,anticoag_refined
pubmed:19476425:pubmed_anticoag_refined_20260603T125913_ece52619,anticoagulant users with bleeding or INR concern,vitamin k; herbal,manual extraction required,manual extraction required,inr; interaction,candidate safety signal from title/abstract keyword classification,title/abstract,anticoag_refined
pubmed:37673103:pubmed_anticoag_refined_20260603T125913_ece52619,anticoagulant users with bleeding or INR concern,vitamin k,manual extraction required,manual extraction required,inr,candidate safety signal from title/abstract keyword classification,title/abstract,anticoag_refined
pubmed:28515748:pubmed_anticoag_refined_20260603T125913_ece52619,anticoagulant users with bleeding or INR concern,herbal,manual extraction required,manual extraction required,inr; interaction,not treated as evidence until human review,title/abstract,anticoag_refined
pubmed:16941417:pubmed_anticoag_refined_20260603T125913_ece52619,anticoagulant users with bleeding or INR concern,vitamin k,manual extraction required,manual extraction required,inr; interaction,candidate safety signal from title/abstract keyword classification,title/abstract,anticoag_refined
pubmed:32522446:pubmed_anticoag_refined_20260603T125913_ece52619,anticoagulant users with bleeding or INR concern,vitamin k,manual extraction required,manual extraction required,hemorrhage,candidate safety signal from title/abstract keyword classification,title/abstract,anticoag_refined
pubmed:37313284:pubmed_anticoag_refined_20260603T125913_ece52619,anticoagulant users with bleeding or INR concern,vitamin k,manual extraction required,manual extraction required,bleeding; inr,candidate safety signal from title/abstract keyword classification,title/abstract,anticoag_refined
pubmed:39491548:pubmed_anticoag_refined_20260603T125913_ece52619,anticoagulant users with bleeding or INR concern,vitamin k,manual extraction required,manual extraction required,bleeding,candidate safety signal from title/abstract keyword classification,title/abstract,anticoag_refined
pubmed:27354859:pubmed_anticoag_refined_20260603T125913_ece52619,anticoagulant users with bleeding or INR concern,vitamin k,manual extraction required,manual extraction required,bleeding,candidate safety signal from title/abstract keyword classification,title/abstract,anticoag_refined
pubmed:16305294:pubmed_anticoag_refined_20260603T125913_ece52619,anticoagulant users with bleeding or INR concern,vitamin k,manual extraction required,manual extraction required,inr,candidate safety signal from title/abstract keyword classification,title/abstract,anticoag_refined
pubmed:23545828:pubmed_anticoag_refined_20260603T125913_ece52619,anticoagulant users with bleeding or INR concern,vitamin k,manual extraction required,manual extraction required,inr,candidate safety signal from title/abstract keyword classification,title/abstract,anticoag_refined
pubmed:32750627:pubmed_anticoag_refined_20260603T125913_ece52619,anticoagulant users with bleeding or INR concern,vitamin k,manual extraction required,manual extraction required,bleeding; hemorrhage,candidate safety signal from title/abstract keyword classification,title/abstract,anticoag_refined
pubmed:40188746:pubmed_anticoag_refined_20260603T125913_ece52619,anticoagulant users with bleeding or INR concern,vitamin k,manual extraction required,manual extraction required,bleeding; inr,candidate safety signal from title/abstract keyword classification,title/abstract,anticoag_refined
pubmed:33070895:pubmed_anticoag_refined_20260603T125913_ece52619,anticoagulant users with bleeding or INR concern,vitamin k,manual extraction required,manual extraction required,bleeding; hemorrhage; inr,candidate safety signal from title/abstract keyword classification,title/abstract,anticoag_refined
pubmed:25213003:pubmed_anticoag_refined_20260603T125913_ece52619,anticoagulant users with bleeding or INR concern,vitamin k,manual extraction required,manual extraction required,bleeding; inr,candidate safety signal from title/abstract keyword classification,title/abstract,anticoag_refined
pubmed:34277237:pubmed_anticoag_refined_20260603T125913_ece52619,anticoagulant users with bleeding or INR concern,vitamin k,manual extraction required,manual extraction required,bleeding; hemorrhage,candidate safety signal from title/abstract keyword classification,title/abstract,anticoag_refined
pubmed:19052707:pubmed_anticoag_refined_20260603T125913_ece52619,anticoagulant users with bleeding or INR concern,vitamin k,manual extraction required,manual extraction required,bleeding; inr,candidate safety signal from title/abstract keyword classification,title/abstract,anticoag_refined
pubmed:12659605:pubmed_anticoag_refined_20260603T125913_ece52619,anticoagulant users with bleeding or INR concern,vitamin k; herbal,manual extraction required,manual extraction required,inr,candidate safety signal from title/abstract keyword classification,title/abstract,anticoag_refined
pubmed:26666325:pubmed_anticoag_refined_20260603T125913_ece52619,anticoagulant users with bleeding or INR concern,vitamin k,manual extraction required,manual extraction required,bleeding; inr,candidate safety signal from title/abstract keyword classification,title/abstract,anticoag_refined
pubmed:37601024:pubmed_anticoag_refined_20260603T125913_ece52619,anticoagulant users with bleeding or INR concern,vitamin k,manual extraction required,manual extraction required,hemorrhage,candidate safety signal from title/abstract keyword classification,title/abstract,anticoag_refined
pubmed:27232386:pubmed_anticoag_refined_20260603T125913_ece52619,anticoagulant users with bleeding or INR concern,vitamin k,manual extraction required,manual extraction required,bleeding; inr,candidate safety signal from title/abstract keyword classification,title/abstract,anticoag_refined
pubmed:10850575:pubmed_anticoag_refined_20260603T125913_ece52619,anticoagulant users with bleeding or INR concern,vitamin k,manual extraction required,manual extraction required,bleeding,candidate safety signal from title/abstract keyword classification,title/abstract,anticoag_refined
pubmed:17322161:pubmed_anticoag_refined_20260603T125913_ece52619,anticoagulant users with bleeding or INR concern,cranberry,manual extraction required,manual extraction required,bleeding; inr; interaction,candidate safety signal from title/abstract keyword classification,title/abstract,anticoag_refined
pubmed:24019755:pubmed_anticoag_refined_20260603T125913_ece52619,anticoagulant users with bleeding or INR concern,vitamin k,manual extraction required,manual extraction required,bleeding; hemorrhage,candidate safety signal from title/abstract keyword classification,title/abstract,anticoag_refined
pubmed:38829189:pubmed_anticoag_refined_20260603T125913_ece52619,anticoagulant users with bleeding or INR concern,vitamin k,manual extraction required,manual extraction required,bleeding; inr,candidate safety signal from title/abstract keyword classification,title/abstract,anticoag_refined
pubmed:28724836:pubmed_anticoag_refined_20260603T125913_ece52619,anticoagulant users with bleeding or INR concern,vitamin k,manual extraction required,manual extraction required,bleeding; hemorrhage; inr,candidate safety signal from title/abstract keyword classification,title/abstract,anticoag_refined
pubmed:32029342:pubmed_anticoag_refined_20260603T125913_ece52619,anticoagulant users with bleeding or INR concern,vitamin k,manual extraction required,manual extraction required,bleeding; hemorrhage; inr,candidate safety signal from title/abstract keyword classification,title/abstract,anticoag_refined
pubmed:23943978:pubmed_anticoag_refined_20260603T125913_ece52619,anticoagulant users with bleeding or INR concern,vitamin k,manual extraction required,manual extraction required,inr,candidate safety signal from title/abstract keyword classification,title/abstract,anticoag_refined
pubmed:21274594:pubmed_anticoag_refined_20260603T125913_ece52619,anticoagulant users with bleeding or INR concern,vitamin k,manual extraction required,manual extraction required,bleeding,candidate safety signal from title/abstract keyword classification,title/abstract,anticoag_refined
pubmed:30808216:pubmed_anticoag_refined_20260603T125913_ece52619,anticoagulant users with bleeding or INR concern,vitamin k,manual extraction required,manual extraction required,inr,candidate safety signal from title/abstract keyword classification,title/abstract,anticoag_refined
pubmed:37598356:pubmed_anticoag_refined_20260603T125913_ece52619,anticoagulant users with bleeding or INR concern,vitamin k,manual extraction required,manual extraction required,inr,candidate safety signal from title/abstract keyword classification,title/abstract,anticoag_refined
pubmed:27303213:pubmed_anticoag_refined_20260603T125913_ece52619,anticoagulant users with bleeding or INR concern,vitamin k,manual extraction required,manual extraction required,bleeding; inr,candidate safety signal from title/abstract keyword classification,title/abstract,anticoag_refined
pubmed:27838137:pubmed_anticoag_refined_20260603T125913_ece52619,anticoagulant users with bleeding or INR concern,manual extraction required,manual extraction required,manual extraction required,inr,"weak candidate signal, human verification required",title/abstract,anticoag_refined
pubmed:27737407:pubmed_anticoag_refined_20260603T125913_ece52619,anticoagulant users with bleeding or INR concern,vitamin k,manual extraction required,manual extraction required,bleeding,candidate safety signal from title/abstract keyword classification,title/abstract,anticoag_refined
pubmed:35347478:pubmed_anticoag_refined_20260603T125913_ece52619,anticoagulant users with bleeding or INR concern,vitamin k,manual extraction required,manual extraction required,inr,candidate safety signal from title/abstract keyword classification,title/abstract,anticoag_refined
pubmed:36906146:pubmed_kidney_stone_refined_20260603T125918_598b32ee,kidney stone or hypercalciuria risk group,calcium; vitamin d; vitamin c,manual extraction required,manual extraction required,hypercalciuria; kidney stone; nephrolithiasis; recurrence,candidate safety signal from title/abstract keyword classification,title/abstract,kidney_stone_refined
pubmed:33668681:pubmed_kidney_stone_refined_20260603T125918_598b32ee,kidney stone or hypercalciuria risk group,vitamin c; ascorbic acid,manual extraction required,manual extraction required,manual extraction required,"weak candidate signal, human verification required",title/abstract,kidney_stone_refined
pubmed:27588937:pubmed_kidney_stone_refined_20260603T125918_598b32ee,kidney stone or hypercalciuria risk group,calcium; vitamin d,manual extraction required,manual extraction required,hypercalcemia; hypercalciuria; nephrolithiasis,candidate safety signal from title/abstract keyword classification,title/abstract,kidney_stone_refined
pubmed:34508834:pubmed_kidney_stone_refined_20260603T125918_598b32ee,kidney stone or hypercalciuria risk group,calcium,manual extraction required,manual extraction required,manual extraction required,"weak candidate signal, human verification required",title/abstract,kidney_stone_refined
pubmed:36745886:pubmed_kidney_stone_refined_20260603T125918_598b32ee,kidney stone or hypercalciuria risk group,vitamin d,manual extraction required,manual extraction required,hypercalcemia; hypercalciuria; adverse,candidate safety signal from title/abstract keyword classification,title/abstract,kidney_stone_refined
pubmed:39077939:pubmed_kidney_stone_refined_20260603T125918_598b32ee,kidney stone or hypercalciuria risk group,calcium; vitamin d,manual extraction required,manual extraction required,hypercalciuria; adverse,candidate safety signal from title/abstract keyword classification,title/abstract,kidney_stone_refined
pubmed:34774244:pubmed_kidney_stone_refined_20260603T125918_598b32ee,kidney stone or hypercalciuria risk group,calcium; vitamin d,manual extraction required,manual extraction required,hypercalcemia; hypercalciuria,candidate safety signal from title/abstract keyword classification,title/abstract,kidney_stone_refined
pubmed:29264783:pubmed_kidney_stone_refined_20260603T125918_598b32ee,kidney stone or hypercalciuria risk group,calcium; vitamin d,manual extraction required,manual extraction required,nephrolithiasis,candidate safety signal from title/abstract keyword classification,title/abstract,kidney_stone_refined
pubmed:34959915:pubmed_kidney_stone_refined_20260603T125918_598b32ee,kidney stone or hypercalciuria risk group,calcium; vitamin d,manual extraction required,manual extraction required,hypercalciuria; kidney stone; nephrolithiasis,candidate safety signal from title/abstract keyword classification,title/abstract,kidney_stone_refined
pubmed:26463139:pubmed_kidney_stone_refined_20260603T125918_598b32ee,kidney stone or hypercalciuria risk group,vitamin c,manual extraction required,manual extraction required,manual extraction required,"weak candidate signal, human verification required",title/abstract,kidney_stone_refined
pubmed:26150027:pubmed_kidney_stone_refined_20260603T125918_598b32ee,kidney stone or hypercalciuria risk group,calcium,manual extraction required,manual extraction required,hypercalciuria; nephrolithiasis; recurrence,candidate safety signal from title/abstract keyword classification,title/abstract,kidney_stone_refined
pubmed:11195313:pubmed_kidney_stone_refined_20260603T125918_598b32ee,kidney stone or hypercalciuria risk group,calcium; vitamin d,manual extraction required,manual extraction required,hypercalciuria; nephrolithiasis,candidate safety signal from title/abstract keyword classification,title/abstract,kidney_stone_refined
pubmed:10435676:pubmed_kidney_stone_refined_20260603T125918_598b32ee,kidney stone or hypercalciuria risk group,calcium; vitamin d,manual extraction required,manual extraction required,hypercalciuria; kidney stone; nephrolithiasis,not treated as evidence until human review,title/abstract,kidney_stone_refined
pubmed:16357816:pubmed_kidney_stone_refined_20260603T125918_598b32ee,kidney stone or hypercalciuria risk group,calcium; vitamin d,manual extraction required,manual extraction required,hypercalciuria; nephrolithiasis,candidate safety signal from title/abstract keyword classification,title/abstract,kidney_stone_refined
pubmed:15133327:pubmed_kidney_stone_refined_20260603T125918_598b32ee,kidney stone or hypercalciuria risk group,calcium; vitamin d,manual extraction required,manual extraction required,hypercalciuria; nephrolithiasis,candidate safety signal from title/abstract keyword classification,title/abstract,kidney_stone_refined
pubmed:28879535:pubmed_kidney_stone_refined_20260603T125918_598b32ee,kidney stone or hypercalciuria risk group,calcium; vitamin d,manual extraction required,manual extraction required,hypercalcemia; hypercalciuria,candidate safety signal from title/abstract keyword classification,title/abstract,kidney_stone_refined
pubmed:29562593:pubmed_kidney_stone_refined_20260603T125918_598b32ee,kidney stone or hypercalciuria risk group,calcium; vitamin d,manual extraction required,manual extraction required,hypercalciuria; kidney stone; nephrolithiasis,candidate safety signal from title/abstract keyword classification,title/abstract,kidney_stone_refined
pubmed:27539983:pubmed_kidney_stone_refined_20260603T125918_598b32ee,kidney stone or hypercalciuria risk group,calcium; vitamin d,manual extraction required,manual extraction required,recurrence,candidate safety signal from title/abstract keyword classification,title/abstract,kidney_stone_refined
pubmed:33461896:pubmed_kidney_stone_refined_20260603T125918_598b32ee,kidney stone or hypercalciuria risk group,calcium; vitamin d,manual extraction required,manual extraction required,hypercalciuria,candidate safety signal from title/abstract keyword classification,title/abstract,kidney_stone_refined
pubmed:32533118:pubmed_kidney_stone_refined_20260603T125918_598b32ee,kidney stone or hypercalciuria risk group,calcium; vitamin d,manual extraction required,manual extraction required,hypercalciuria; kidney stone; nephrolithiasis,candidate safety signal from title/abstract keyword classification,title/abstract,kidney_stone_refined
pubmed:38606357:pubmed_kidney_stone_refined_20260603T125918_598b32ee,kidney stone or hypercalciuria risk group,calcium; vitamin d,manual extraction required,manual extraction required,hypercalcemia; hypercalciuria; nephrolithiasis,candidate safety signal from title/abstract keyword classification,title/abstract,kidney_stone_refined
pubmed:39836479:pubmed_kidney_stone_refined_20260603T125918_598b32ee,kidney stone or hypercalciuria risk group,calcium; vitamin d,manual extraction required,manual extraction required,hypercalcemia; hypercalciuria,not treated as evidence until human review,title/abstract,kidney_stone_refined
pubmed:8620732:pubmed_kidney_stone_refined_20260603T125918_598b32ee,kidney stone or hypercalciuria risk group,calcium; vitamin d,manual extraction required,manual extraction required,hypercalcemia; hypercalciuria,candidate safety signal from title/abstract keyword classification,title/abstract,kidney_stone_refined
pubmed:37761859:pubmed_kidney_stone_refined_20260603T125918_598b32ee,kidney stone or hypercalciuria risk group,vitamin c,manual extraction required,manual extraction required,nephrolithiasis,candidate safety signal from title/abstract keyword classification,title/abstract,kidney_stone_refined
pubmed:36645022:pubmed_kidney_stone_refined_20260603T125918_598b32ee,kidney stone or hypercalciuria risk group,calcium; vitamin d,manual extraction required,manual extraction required,hypercalcemia; adverse,not treated as evidence until human review,title/abstract,kidney_stone_refined
pubmed:35598638:pubmed_kidney_stone_refined_20260603T125918_598b32ee,kidney stone or hypercalciuria risk group,calcium; vitamin d,manual extraction required,manual extraction required,hypercalcemia; hypercalciuria; nephrolithiasis,candidate safety signal from title/abstract keyword classification,title/abstract,kidney_stone_refined
pubmed:37049567:pubmed_kidney_stone_refined_20260603T125918_598b32ee,kidney stone or hypercalciuria risk group,calcium; vitamin d,manual extraction required,manual extraction required,hypercalciuria,candidate safety signal from title/abstract keyword classification,title/abstract,kidney_stone_refined
pubmed:26816771:pubmed_kidney_stone_refined_20260603T125918_598b32ee,kidney stone or hypercalciuria risk group,calcium; vitamin d,manual extraction required,manual extraction required,manual extraction required,"weak candidate signal, human verification required",title/abstract,kidney_stone_refined
pubmed:16775455:pubmed_kidney_stone_refined_20260603T125918_598b32ee,kidney stone or hypercalciuria risk group,calcium; vitamin d,manual extraction required,manual extraction required,hypercalciuria,not treated as evidence until human review,title/abstract,kidney_stone_refined
pubmed:29664757:pubmed_kidney_stone_refined_20260603T125918_598b32ee,kidney stone or hypercalciuria risk group,calcium; vitamin d,manual extraction required,manual extraction required,hypercalciuria; nephrolithiasis,candidate safety signal from title/abstract keyword classification,title/abstract,kidney_stone_refined
pubmed:29376607:pubmed_kidney_stone_refined_20260603T125918_598b32ee,kidney stone or hypercalciuria risk group,calcium; vitamin d,manual extraction required,manual extraction required,hypercalciuria; nephrolithiasis,candidate safety signal from title/abstract keyword classification,title/abstract,kidney_stone_refined
pubmed:40551736:pubmed_kidney_stone_refined_20260603T125918_598b32ee,kidney stone or hypercalciuria risk group,calcium; vitamin d,manual extraction required,manual extraction required,hypercalcemia; nephrolithiasis,candidate safety signal from title/abstract keyword classification,title/abstract,kidney_stone_refined
pubmed:41258546:pubmed_kidney_stone_refined_20260603T125918_598b32ee,kidney stone or hypercalciuria risk group,calcium,manual extraction required,manual extraction required,kidney stone; recurrence,candidate safety signal from title/abstract keyword classification,title/abstract,kidney_stone_refined
pubmed:34857184:pubmed_kidney_stone_refined_20260603T125918_598b32ee,kidney stone or hypercalciuria risk group,vitamin d,manual extraction required,manual extraction required,hypercalcemia; hypercalciuria; adverse,candidate safety signal from title/abstract keyword classification,title/abstract,kidney_stone_refined
pubmed:223811:pubmed_kidney_stone_refined_20260603T125918_598b32ee,kidney stone or hypercalciuria risk group,vitamin d,manual extraction required,manual extraction required,hypercalciuria,candidate safety signal from title/abstract keyword classification,title/abstract,kidney_stone_refined
pubmed:35930049:pubmed_kidney_stone_refined_20260603T125918_598b32ee,kidney stone or hypercalciuria risk group,vitamin d,manual extraction required,manual extraction required,hypercalciuria; adverse,candidate safety signal from title/abstract keyword classification,title/abstract,kidney_stone_refined
pubmed:33659946:pubmed_kidney_stone_refined_20260603T125918_598b32ee,kidney stone or hypercalciuria risk group,calcium; vitamin d,manual extraction required,manual extraction required,hypercalcemia; hypercalciuria; adverse,candidate safety signal from title/abstract keyword classification,title/abstract,kidney_stone_refined
pubmed:33379176:pubmed_kidney_stone_refined_20260603T125918_598b32ee,kidney stone or hypercalciuria risk group,calcium; vitamin c; ascorbic acid,manual extraction required,manual extraction required,kidney stone,candidate safety signal from title/abstract keyword classification,title/abstract,kidney_stone_refined
pubmed:32857334:pubmed_kidney_stone_refined_20260603T125918_598b32ee,kidney stone or hypercalciuria risk group,calcium; vitamin d,manual extraction required,manual extraction required,hypercalcemia; hypercalciuria; adverse,candidate safety signal from title/abstract keyword classification,title/abstract,kidney_stone_refined
pubmed:41348736:pubmed_kidney_stone_refined_20260603T125918_598b32ee,kidney stone or hypercalciuria risk group,calcium; supplement,manual extraction required,manual extraction required,kidney stone; recurrence; adverse,candidate safety signal from title/abstract keyword classification,title/abstract,kidney_stone_refined
pubmed:16775452:pubmed_kidney_stone_refined_20260603T125918_598b32ee,kidney stone or hypercalciuria risk group,calcium; vitamin d,manual extraction required,manual extraction required,hypercalciuria,not treated as evidence until human review,title/abstract,kidney_stone_refined
pubmed:33910705:pubmed_kidney_stone_refined_20260603T125918_598b32ee,kidney stone or hypercalciuria risk group,calcium; vitamin d,manual extraction required,manual extraction required,kidney stone; nephrolithiasis; recurrence,candidate safety signal from title/abstract keyword classification,title/abstract,kidney_stone_refined
pubmed:31718265:pubmed_kidney_stone_refined_20260603T125918_598b32ee,kidney stone or hypercalciuria risk group,calcium; vitamin d,manual extraction required,manual extraction required,hypercalcemia,candidate safety signal from title/abstract keyword classification,title/abstract,kidney_stone_refined
pubmed:39346653:pubmed_kidney_stone_refined_20260603T125918_598b32ee,kidney stone or hypercalciuria risk group,calcium; vitamin d,manual extraction required,manual extraction required,kidney stone,candidate safety signal from title/abstract keyword classification,title/abstract,kidney_stone_refined
pubmed:24910823:pubmed_kidney_stone_refined_20260603T125918_598b32ee,kidney stone or hypercalciuria risk group,calcium; vitamin d,manual extraction required,manual extraction required,manual extraction required,"weak candidate signal, human verification required",title/abstract,kidney_stone_refined
pubmed:6765068:pubmed_kidney_stone_refined_20260603T125918_598b32ee,kidney stone or hypercalciuria risk group,vitamin d,manual extraction required,manual extraction required,hypercalcemia; hypercalciuria; nephrolithiasis,candidate safety signal from title/abstract keyword classification,title/abstract,kidney_stone_refined
pubmed:32990535:pubmed_kidney_stone_refined_20260603T125918_598b32ee,kidney stone or hypercalciuria risk group,calcium; supplement,manual extraction required,manual extraction required,recurrence; adverse,candidate safety signal from title/abstract keyword classification,title/abstract,kidney_stone_refined
pubmed:40353475:pubmed_kidney_stone_refined_20260603T125918_598b32ee,kidney stone or hypercalciuria risk group,calcium; vitamin d; ascorbic acid,manual extraction required,manual extraction required,kidney stone,candidate safety signal from title/abstract keyword classification,title/abstract,kidney_stone_refined
pubmed:9429689:pubmed_kidney_stone_refined_20260603T125918_598b32ee,kidney stone or hypercalciuria risk group,calcium; vitamin c; ascorbic acid,manual extraction required,manual extraction required,manual extraction required,not treated as evidence until human review,title/abstract,kidney_stone_refined
pubmed:23137489:pubmed_kidney_stone_refined_20260603T125918_598b32ee,kidney stone or hypercalciuria risk group,calcium,manual extraction required,manual extraction required,kidney stone; nephrolithiasis,candidate safety signal from title/abstract keyword classification,title/abstract,kidney_stone_refined
pubmed:28734988:pubmed_kidney_stone_refined_20260603T125918_598b32ee,kidney stone or hypercalciuria risk group,calcium; vitamin d,manual extraction required,manual extraction required,hypercalcemia; hypercalciuria; adverse,candidate safety signal from title/abstract keyword classification,title/abstract,kidney_stone_refined
pubmed:29275531:pubmed_kidney_stone_refined_20260603T125918_598b32ee,kidney stone or hypercalciuria risk group,calcium,manual extraction required,manual extraction required,hypercalcemia; hypercalciuria,not treated as evidence until human review,title/abstract,kidney_stone_refined
pubmed:7984788:pubmed_kidney_stone_refined_20260603T125918_598b32ee,kidney stone or hypercalciuria risk group,calcium; vitamin d,manual extraction required,manual extraction required,hypercalcemia; hypercalciuria; nephrolithiasis,candidate safety signal from title/abstract keyword classification,title/abstract,kidney_stone_refined
pubmed:10593318:pubmed_kidney_stone_refined_20260603T125918_598b32ee,kidney stone or hypercalciuria risk group,calcium,manual extraction required,manual extraction required,hypercalciuria; nephrolithiasis,candidate safety signal from title/abstract keyword classification,title/abstract,kidney_stone_refined
pubmed:31160051:pubmed_kidney_stone_refined_20260603T125918_598b32ee,kidney stone or hypercalciuria risk group,calcium; vitamin d,manual extraction required,manual extraction required,hypercalcemia; hypercalciuria; kidney stone,not treated as evidence until human review,title/abstract,kidney_stone_refined
pubmed:38911445:pubmed_kidney_stone_refined_20260603T125918_598b32ee,kidney stone or hypercalciuria risk group,calcium; ascorbic acid,manual extraction required,manual extraction required,manual extraction required,"weak candidate signal, human verification required",title/abstract,kidney_stone_refined
pubmed:30632117:pubmed_kidney_stone_refined_20260603T125918_598b32ee,kidney stone or hypercalciuria risk group,calcium; vitamin d,manual extraction required,manual extraction required,hypercalcemia; hypercalciuria,candidate safety signal from title/abstract keyword classification,title/abstract,kidney_stone_refined
pubmed:35768889:pubmed_kidney_stone_refined_20260603T125918_598b32ee,kidney stone or hypercalciuria risk group,calcium,manual extraction required,manual extraction required,hypercalciuria,candidate safety signal from title/abstract keyword classification,title/abstract,kidney_stone_refined
pubmed:30529281:pubmed_kidney_stone_refined_20260603T125918_598b32ee,kidney stone or hypercalciuria risk group,calcium; vitamin d,manual extraction required,manual extraction required,hypercalcemia; hypercalciuria; adverse,candidate safety signal from title/abstract keyword classification,title/abstract,kidney_stone_refined
pubmed:26473773:pubmed_kidney_stone_refined_20260603T125918_598b32ee,kidney stone or hypercalciuria risk group,calcium; vitamin d,manual extraction required,manual extraction required,hypercalcemia; adverse,candidate safety signal from title/abstract keyword classification,title/abstract,kidney_stone_refined
pubmed:38682062:pubmed_kidney_stone_refined_20260603T125918_598b32ee,kidney stone or hypercalciuria risk group,calcium,manual extraction required,manual extraction required,kidney stone; nephrolithiasis; recurrence,candidate safety signal from title/abstract keyword classification,title/abstract,kidney_stone_refined
pubmed:31122608:pubmed_kidney_stone_refined_20260603T125918_598b32ee,kidney stone or hypercalciuria risk group,calcium; vitamin d,manual extraction required,manual extraction required,hypercalciuria; kidney stone,candidate safety signal from title/abstract keyword classification,title/abstract,kidney_stone_refined
pubmed:35663378:pubmed_kidney_stone_refined_20260603T125918_598b32ee,kidney stone or hypercalciuria risk group,calcium; vitamin d,manual extraction required,manual extraction required,hypercalciuria,candidate safety signal from title/abstract keyword classification,title/abstract,kidney_stone_refined
pubmed:38452902:pubmed_kidney_stone_refined_20260603T125918_598b32ee,kidney stone or hypercalciuria risk group,calcium,manual extraction required,manual extraction required,hypercalciuria; kidney stone; nephrolithiasis,not treated as evidence until human review,title/abstract,kidney_stone_refined
pubmed:33316222:pubmed_kidney_stone_refined_20260603T125918_598b32ee,kidney stone or hypercalciuria risk group,calcium; vitamin d,manual extraction required,manual extraction required,hypercalciuria,candidate safety signal from title/abstract keyword classification,title/abstract,kidney_stone_refined
pubmed:7041638:pubmed_kidney_stone_refined_20260603T125918_598b32ee,kidney stone or hypercalciuria risk group,calcium; vitamin d,manual extraction required,manual extraction required,hypercalcemia; hypercalciuria,candidate safety signal from title/abstract keyword classification,title/abstract,kidney_stone_refined
pubmed:28335477:pubmed_kidney_stone_refined_20260603T125918_598b32ee,kidney stone or hypercalciuria risk group,calcium; vitamin d,manual extraction required,manual extraction required,hypercalciuria; nephrolithiasis,candidate safety signal from title/abstract keyword classification,title/abstract,kidney_stone_refined
pubmed:38015778:pubmed_kidney_stone_refined_20260603T125918_598b32ee,kidney stone or hypercalciuria risk group,calcium,manual extraction required,manual extraction required,hypercalciuria; kidney stone,candidate safety signal from title/abstract keyword classification,title/abstract,kidney_stone_refined
pubmed:36547746:pubmed_kidney_stone_refined_20260603T125918_598b32ee,kidney stone or hypercalciuria risk group,calcium,manual extraction required,manual extraction required,kidney stone,not treated as evidence until human review,title/abstract,kidney_stone_refined
pubmed:25511115:pubmed_kidney_stone_refined_20260603T125918_598b32ee,kidney stone or hypercalciuria risk group,vitamin d,manual extraction required,manual extraction required,hypercalcemia; hypercalciuria; adverse,candidate safety signal from title/abstract keyword classification,title/abstract,kidney_stone_refined
pubmed:15193974:pubmed_kidney_stone_refined_20260603T125918_598b32ee,kidney stone or hypercalciuria risk group,calcium,manual extraction required,manual extraction required,kidney stone,candidate safety signal from title/abstract keyword classification,title/abstract,kidney_stone_refined
pubmed:9387131:pubmed_kidney_stone_refined_20260603T125918_598b32ee,kidney stone or hypercalciuria risk group,calcium; vitamin d,manual extraction required,manual extraction required,hypercalciuria; nephrolithiasis,candidate safety signal from title/abstract keyword classification,title/abstract,kidney_stone_refined
pubmed:37768904:pubmed_kidney_stone_refined_20260603T125918_598b32ee,kidney stone or hypercalciuria risk group,calcium; vitamin d,manual extraction required,manual extraction required,hypercalcemia; hypercalciuria,candidate safety signal from title/abstract keyword classification,title/abstract,kidney_stone_refined
pubmed:29939320:pubmed_kidney_stone_refined_20260603T125918_598b32ee,kidney stone or hypercalciuria risk group,calcium; vitamin d,manual extraction required,manual extraction required,hypercalciuria; kidney stone,candidate safety signal from title/abstract keyword classification,title/abstract,kidney_stone_refined
pubmed:32292073:pubmed_kidney_stone_refined_20260603T125918_598b32ee,kidney stone or hypercalciuria risk group,calcium,manual extraction required,manual extraction required,manual extraction required,not treated as evidence until human review,title/abstract,kidney_stone_refined
pubmed:14670550:pubmed_kidney_stone_refined_20260603T125918_598b32ee,kidney stone or hypercalciuria risk group,calcium; vitamin d,manual extraction required,manual extraction required,kidney stone; recurrence,candidate safety signal from title/abstract keyword classification,title/abstract,kidney_stone_refined
pubmed:10491744:pubmed_kidney_stone_refined_20260603T125918_598b32ee,kidney stone or hypercalciuria risk group,calcium; vitamin d,manual extraction required,manual extraction required,hypercalciuria,not treated as evidence until human review,title/abstract,kidney_stone_refined
pubmed:38765596:pubmed_kidney_stone_refined_20260603T125918_598b32ee,kidney stone or hypercalciuria risk group,calcium; vitamin d,manual extraction required,manual extraction required,hypercalciuria; kidney stone,candidate safety signal from title/abstract keyword classification,title/abstract,kidney_stone_refined
pubmed:25290538:pubmed_kidney_stone_refined_20260603T125918_598b32ee,kidney stone or hypercalciuria risk group,calcium; vitamin d,manual extraction required,manual extraction required,hypercalcemia; hypercalciuria,candidate safety signal from title/abstract keyword classification,title/abstract,kidney_stone_refined
pubmed:40330359:pubmed_kidney_stone_refined_20260603T125918_598b32ee,kidney stone or hypercalciuria risk group,calcium,manual extraction required,manual extraction required,hypercalciuria; nephrolithiasis,candidate safety signal from title/abstract keyword classification,title/abstract,kidney_stone_refined
pubmed:24423361:pubmed_kidney_stone_refined_20260603T125918_598b32ee,kidney stone or hypercalciuria risk group,calcium; vitamin d,manual extraction required,manual extraction required,hypercalcemia; hypercalciuria; nephrolithiasis,candidate safety signal from title/abstract keyword classification,title/abstract,kidney_stone_refined
pubmed:23154110:pubmed_kidney_stone_refined_20260603T125918_598b32ee,kidney stone or hypercalciuria risk group,calcium; vitamin d,manual extraction required,manual extraction required,hypercalcemia; hypercalciuria; nephrolithiasis; recurrence,candidate safety signal from title/abstract keyword classification,title/abstract,kidney_stone_refined
pubmed:26707509:pubmed_kidney_stone_refined_20260603T125918_598b32ee,kidney stone or hypercalciuria risk group,calcium,manual extraction required,manual extraction required,nephrolithiasis,candidate safety signal from title/abstract keyword classification,title/abstract,kidney_stone_refined
pubmed:24445125:pubmed_kidney_stone_refined_20260603T125918_598b32ee,kidney stone or hypercalciuria risk group,calcium; vitamin d,manual extraction required,manual extraction required,hypercalciuria,candidate safety signal from title/abstract keyword classification,title/abstract,kidney_stone_refined
pubmed:229736:pubmed_kidney_stone_refined_20260603T125918_598b32ee,kidney stone or hypercalciuria risk group,calcium; vitamin d,manual extraction required,manual extraction required,hypercalciuria,candidate safety signal from title/abstract keyword classification,title/abstract,kidney_stone_refined
pubmed:30851716:pubmed_kidney_stone_refined_20260603T125918_598b32ee,kidney stone or hypercalciuria risk group,calcium; vitamin d; supplement,manual extraction required,manual extraction required,hypercalciuria; nephrolithiasis,candidate safety signal from title/abstract keyword classification,title/abstract,kidney_stone_refined
pubmed:41499143:pubmed_kidney_stone_refined_20260603T125918_598b32ee,kidney stone or hypercalciuria risk group,calcium; vitamin d,manual extraction required,manual extraction required,hypercalcemia; hypercalciuria; nephrolithiasis,candidate safety signal from title/abstract keyword classification,title/abstract,kidney_stone_refined
pubmed:36156733:pubmed_kidney_stone_refined_20260603T125918_598b32ee,kidney stone or hypercalciuria risk group,calcium,manual extraction required,manual extraction required,hypercalcemia; hypercalciuria,candidate safety signal from title/abstract keyword classification,title/abstract,kidney_stone_refined
pubmed:29926935:pubmed_kidney_stone_refined_20260603T125918_598b32ee,kidney stone or hypercalciuria risk group,calcium; vitamin d,manual extraction required,manual extraction required,nephrolithiasis,candidate safety signal from title/abstract keyword classification,title/abstract,kidney_stone_refined
pubmed:31188746:pubmed_kidney_stone_refined_20260603T125918_598b32ee,kidney stone or hypercalciuria risk group,calcium; vitamin d,manual extraction required,manual extraction required,hypercalcemia; hypercalciuria; nephrolithiasis,candidate safety signal from title/abstract keyword classification,title/abstract,kidney_stone_refined
pubmed:36118750:pubmed_kidney_stone_refined_20260603T125918_598b32ee,kidney stone or hypercalciuria risk group,calcium; vitamin d,manual extraction required,manual extraction required,hypercalciuria; adverse,candidate safety signal from title/abstract keyword classification,title/abstract,kidney_stone_refined
pubmed:41149617:pubmed_kidney_stone_refined_20260603T125918_598b32ee,kidney stone or hypercalciuria risk group,calcium; vitamin d,manual extraction required,manual extraction required,nephrolithiasis,candidate safety signal from title/abstract keyword classification,title/abstract,kidney_stone_refined
pubmed:31449775:pubmed_kidney_stone_refined_20260603T125918_598b32ee,kidney stone or hypercalciuria risk group,calcium; vitamin d,manual extraction required,manual extraction required,hypercalciuria,not treated as evidence until human review,title/abstract,kidney_stone_refined
pubmed:30109410:pubmed_kidney_stone_refined_20260603T125918_598b32ee,kidney stone or hypercalciuria risk group,calcium; vitamin d,manual extraction required,manual extraction required,hypercalciuria,candidate safety signal from title/abstract keyword classification,title/abstract,kidney_stone_refined
pubmed:15685503:pubmed_kidney_stone_refined_20260603T125918_598b32ee,kidney stone or hypercalciuria risk group,calcium,manual extraction required,manual extraction required,hypercalciuria; kidney stone; nephrolithiasis,candidate safety signal from title/abstract keyword classification,title/abstract,kidney_stone_refined
pubmed:32777848:pubmed_kidney_stone_refined_20260603T125918_598b32ee,kidney stone or hypercalciuria risk group,calcium; vitamin d,manual extraction required,manual extraction required,hypercalcemia; hypercalciuria,candidate safety signal from title/abstract keyword classification,title/abstract,kidney_stone_refined
pubmed:39818292:pubmed_kidney_stone_refined_20260603T125918_598b32ee,kidney stone or hypercalciuria risk group,calcium; vitamin d,manual extraction required,manual extraction required,hypercalcemia; hypercalciuria,candidate safety signal from title/abstract keyword classification,title/abstract,kidney_stone_refined
pubmed:24055557:pubmed_kidney_stone_refined_20260603T125918_598b32ee,kidney stone or hypercalciuria risk group,calcium; vitamin d,manual extraction required,manual extraction required,manual extraction required,"weak candidate signal, human verification required",title/abstract,kidney_stone_refined
