record_id,target_id,pmid,year,priority,suggested_decision,matched_population_terms,matched_ingredient_terms,matched_outcome_terms,matched_study_terms,title,url
pubmed:38811233:pubmed_anticoag_refined_20260531T223335_90c4eb6f,anticoag_refined,38811233,2024,likely_exclude,likely_exclude,anticoagulant; atrial fibrillation,epa,bleeding; platelet,,A Novel Risk Score for Major Bleeding in Japanese Patients with Non-Valvular Atrial Fibrillation: The J-RISK AF Study.,https://pubmed.ncbi.nlm.nih.gov/38811233/
pubmed:36304597:pubmed_anticoag_refined_20260531T223335_90c4eb6f,anticoag_refined,36304597,2022,likely_exclude,likely_exclude,anticoagulant,fish oil; cranberry; glucosamine; herbal; supplement,bleeding,,Dietary supplements and bleeding.,https://pubmed.ncbi.nlm.nih.gov/36304597/
pubmed:35776157:pubmed_anticoag_refined_20260531T223335_90c4eb6f,anticoag_refined,35776157,2022,likely_exclude,likely_exclude,anticoagulant,fish oil,bleeding; hemorrhage; platelet; adverse event,case report,Fatal adverse events of rivaroxaban combined with aspirin: an analysis using data from VigiBase.,https://pubmed.ncbi.nlm.nih.gov/35776157/
pubmed:35364298:pubmed_anticoag_refined_20260531T223335_90c4eb6f,anticoag_refined,35364298,2022,likely_exclude,likely_exclude,,fish oil; supplement,hemorrhage,cohort,The Influence of Select Medications on Prospective Hemorrhage Risk in Patients with Spinal or Cerebral Cavernous Malformations.,https://pubmed.ncbi.nlm.nih.gov/35364298/
pubmed:34555978:pubmed_anticoag_refined_20260531T223335_90c4eb6f,anticoag_refined,34555978,2021,likely_exclude,likely_exclude,warfarin; anticoagulation,epa,hemorrhage; platelet,randomized; clinical trial,Emerging agents for the treatment and prevention of stroke: progress in clinical trials.,https://pubmed.ncbi.nlm.nih.gov/34555978/
pubmed:34298589:pubmed_anticoag_refined_20260531T223335_90c4eb6f,anticoag_refined,34298589,2021,likely_exclude,likely_exclude,warfarin,fish oil,bleeding; platelet,systematic review; meta-analysis; randomised,Medical adjuvant treatment to increase patency of arteriovenous fistulae and grafts.,https://pubmed.ncbi.nlm.nih.gov/34298589/
pubmed:32567446:pubmed_anticoag_refined_20260531T223335_90c4eb6f,anticoag_refined,32567446,2020,likely_exclude,likely_exclude,warfarin; anticoagulant,fish oil,bleeding,,Complications in skin grafts when continuing antithrombotic therapy prior to cutaneous surgery requiring skin grafting: an observational study.,https://pubmed.ncbi.nlm.nih.gov/32567446/
pubmed:32243872:pubmed_anticoag_refined_20260531T223335_90c4eb6f,anticoag_refined,32243872,2020,likely_exclude,likely_exclude,anticoagulant,omega-3; epa,bleeding; platelet,,Catch of the Day: Icosapent Ethyl for Reducing Cardiovascular Risk.,https://pubmed.ncbi.nlm.nih.gov/32243872/
pubmed:30369592:pubmed_anticoag_refined_20260531T223335_90c4eb6f,anticoag_refined,30369592,2018,likely_exclude,likely_exclude,anticoagulation,fish oil,bleeding; platelet,,Therapeutic Strategy for Gastrointestinal Bleeding in Patients With Left Ventricular Assist Device.,https://pubmed.ncbi.nlm.nih.gov/30369592/
pubmed:29627068:pubmed_anticoag_refined_20260531T223335_90c4eb6f,anticoag_refined,29627068,2018,likely_exclude,likely_exclude,warfarin; anticoagulant,omega-3; fish oil; supplement,bleeding; platelet,clinical trial,Role of Fish Oil in Post-Cardiotomy Bleeding: A Summary of the Basic Science and Clinical Trials.,https://pubmed.ncbi.nlm.nih.gov/29627068/
pubmed:29299477:pubmed_anticoag_refined_20260531T223335_90c4eb6f,anticoag_refined,29299477,2017,likely_exclude,likely_exclude,anticoagulation,fish oil; supplement,bleeding,clinical trial; cohort,Novel venous thromboembolic disease (VTED) prophylaxis for total knee arthroplasty-aspirin and fish oil.,https://pubmed.ncbi.nlm.nih.gov/29299477/
pubmed:29256925:pubmed_anticoag_refined_20260531T223335_90c4eb6f,anticoag_refined,29256925,2018,likely_exclude,likely_exclude,anticoagulant,fish oil; vitamin k; supplement,bleeding,,Dispelling myths about intravenous fish oil-based lipid emulsions: a clinical perspective.,https://pubmed.ncbi.nlm.nih.gov/29256925/
pubmed:28197979:pubmed_anticoag_refined_20260531T223335_90c4eb6f,anticoag_refined,28197979,2017,likely_exclude,likely_exclude,warfarin; inr,omega-3; epa,inr; platelet; interaction; adverse event,pharmacokinetic,No Effect of Omega-3 Carboxylic Acids on Pharmacokinetics/Pharmacodynamics of Warfarin or on Platelet Function When Co-administered with Acetylsalicylic Acid: Results of Two Phase I Studies in Healthy Volunteers.,https://pubmed.ncbi.nlm.nih.gov/28197979/
pubmed:28033135:pubmed_anticoag_refined_20260531T223335_90c4eb6f,anticoag_refined,28033135,2017,likely_exclude,likely_exclude,warfarin; anticoagulant,omega-3; fish oil; polyunsaturated fatty acid; supplement,bleeding; platelet,,Omega-3 Fatty Acid Supplementation and Warfarin: A Lethal Combination in Traumatic Brain Injury.,https://pubmed.ncbi.nlm.nih.gov/28033135/
pubmed:27885969:pubmed_anticoag_refined_20260531T223335_90c4eb6f,anticoag_refined,27885969,2016,likely_exclude,likely_exclude,anticoagulation; atrial fibrillation,omega-3; epa; dha,bleeding; hemorrhage; haemorrhage; platelet; adverse event,systematic review; meta-analysis; randomized; clinical trial; cohort; case series; pharmacokinetic,"36th International Symposium on Intensive Care and Emergency Medicine : Brussels, Belgium. 15-18 March 2016.",https://pubmed.ncbi.nlm.nih.gov/27885969/
pubmed:27657121:pubmed_anticoag_refined_20260531T223335_90c4eb6f,anticoag_refined,27657121,2016,likely_exclude,likely_exclude,warfarin; anticoagulant; anticoagulation; atrial fibrillation,omega-3; fish oil; supplement,bleeding; interaction; adverse event,,The Use of Fish Oil with Warfarin Does Not Significantly Affect either the International Normalised Ratio or Incidence of Adverse Events in Patients with Atrial Fibrillation and Deep Vein Thrombosis: A Retrospective Study.,https://pubmed.ncbi.nlm.nih.gov/27657121/
pubmed:27325362:pubmed_anticoag_refined_20260531T223335_90c4eb6f,anticoag_refined,27325362,2016,likely_exclude,likely_exclude,,epa,hemorrhage,meta-analysis; clinical trial; cohort,Novel Treatments in Neuroprotection for Aneurysmal Subarachnoid Hemorrhage.,https://pubmed.ncbi.nlm.nih.gov/27325362/
pubmed:27212967:pubmed_anticoag_refined_20260531T223335_90c4eb6f,anticoag_refined,27212967,2016,likely_exclude,likely_exclude,warfarin,omega-3; polyunsaturated fatty acid; supplement,bleeding; platelet,randomized,Omega-3 polyunsaturated fatty acid supplementation in the prevention of cardiovascular disease.,https://pubmed.ncbi.nlm.nih.gov/27212967/
pubmed:26904189:pubmed_anticoag_refined_20260531T223335_90c4eb6f,anticoag_refined,26904189,2015,manual_review_medium,include_candidate,anticoagulant,fish oil,bleeding,case report,Intramural oesophageal dissection as an unusual presentation of chest pain: A case report.,https://pubmed.ncbi.nlm.nih.gov/26904189/
pubmed:26184395:pubmed_anticoag_refined_20260531T223335_90c4eb6f,anticoag_refined,26184395,2015,likely_exclude,likely_exclude,warfarin,fish oil,bleeding; platelet; adverse event,systematic review; meta-analysis; randomised,Medical adjuvant treatment to increase patency of arteriovenous fistulae and grafts.,https://pubmed.ncbi.nlm.nih.gov/26184395/
pubmed:42218370:pubmed_kidney_stone_refined_20260531T223339_33755914,kidney_stone_refined,42218370,2026,likely_exclude,likely_exclude,kidney stone,calcium,kidney stone; recurrence,,Association between triglyceride levels and upper urinary tract calcium stones recurrence.,https://pubmed.ncbi.nlm.nih.gov/42218370/
pubmed:42212267:pubmed_kidney_stone_refined_20260531T223339_33755914,kidney_stone_refined,42212267,2026,likely_exclude,likely_exclude,kidney stone,calcium,kidney stone; recurrence,,Multi-target litholytic strategy toward calcium oxalate stone therapy: a fundamental study.,https://pubmed.ncbi.nlm.nih.gov/42212267/
pubmed:42199063:pubmed_kidney_stone_refined_20260531T223339_33755914,kidney_stone_refined,42199063,2026,likely_exclude,likely_exclude,nephrolithiasis,calcium; vitamin d,nephrolithiasis; recurrence,,Normocalcemic primary hyperparathyroidism: an update on diagnostic and management challenges.,https://pubmed.ncbi.nlm.nih.gov/42199063/
pubmed:42194937:pubmed_kidney_stone_refined_20260531T223339_33755914,kidney_stone_refined,42194937,2026,likely_exclude,likely_exclude,nephrolithiasis; hypercalciuria,calcium; vitamin d,hypercalcemia; hypercalciuria; nephrolithiasis,cohort,Heterogeneous Phenotypes of Primary Hyperparathyroidism in Romania: Characterization of a Large Cohort.,https://pubmed.ncbi.nlm.nih.gov/42194937/
pubmed:42189825:pubmed_kidney_stone_refined_20260531T223339_33755914,kidney_stone_refined,42189825,2026,likely_exclude,likely_exclude,kidney stone; renal stone; nephrolithiasis,calcium; vitamin d,kidney stone; nephrolithiasis,,Association between asymptomatic hyperuricemia and kidney stones.,https://pubmed.ncbi.nlm.nih.gov/42189825/
pubmed:42182979:pubmed_kidney_stone_refined_20260531T223339_33755914,kidney_stone_refined,42182979,2026,manual_review_high,include_candidate,kidney stone,calcium; vitamin d; supplement,kidney stone; adverse,cohort,Combined occurrence of cardiovascular and bone events in individuals with kidney stone disease.,https://pubmed.ncbi.nlm.nih.gov/42182979/
pubmed:42176144:pubmed_kidney_stone_refined_20260531T223339_33755914,kidney_stone_refined,42176144,2026,likely_exclude,likely_exclude,kidney stone; nephrolithiasis; urolithiasis,calcium,kidney stone; nephrolithiasis,systematic review; meta-analysis,Association Between Ambient Temperature and Urolithiasis: A Systematic Review and Meta-analysis.,https://pubmed.ncbi.nlm.nih.gov/42176144/
pubmed:42166177:pubmed_kidney_stone_refined_20260531T223339_33755914,kidney_stone_refined,42166177,2026,likely_exclude,likely_exclude,nephrolithiasis,calcium; vitamin d,nephrolithiasis; adverse,clinical trial,Sustained Improvement in Renal Function with Palopegteriparatide in Adults with Chronic Hypoparathyroidism: 2-Year Results from the Phase 3 PaTHway-Trial.,https://pubmed.ncbi.nlm.nih.gov/42166177/
pubmed:42164543:pubmed_kidney_stone_refined_20260531T223339_33755914,kidney_stone_refined,42164543,2026,likely_exclude,likely_exclude,nephrolithiasis,vitamin d,nephrolithiasis,,Renal calcifications and primary hyperpara-thyroidism in a tertiary care hospital center of North Africa: a single-center experience.,https://pubmed.ncbi.nlm.nih.gov/42164543/
pubmed:42161334:pubmed_kidney_stone_refined_20260531T223339_33755914,kidney_stone_refined,42161334,2026,likely_exclude,likely_exclude,hypercalciuria,calcium,hypercalciuria; adverse,,Continuous subcutaneous recombinant PTH(1-34) infusion improves serum calcium and phosphate homeostasis in children with autosomal dominant hypocalcemia type 1 refractory to standard-of-care treatment.,https://pubmed.ncbi.nlm.nih.gov/42161334/
pubmed:42158881:pubmed_kidney_stone_refined_20260531T223339_33755914,kidney_stone_refined,42158881,2026,likely_exclude,likely_exclude,kidney stone; nephrolithiasis,calcium,kidney stone; nephrolithiasis; recurrence,,The gut-kidney axis in calcium oxalate nephrolithiasis: Nutritional and microbial insights.,https://pubmed.ncbi.nlm.nih.gov/42158881/
pubmed:42154023:pubmed_kidney_stone_refined_20260531T223339_33755914,kidney_stone_refined,42154023,2026,likely_exclude,likely_exclude,urolithiasis,calcium,recurrence,,[Management of recurrent urolithiasis: indications for therapy escalation and discontinuation].,https://pubmed.ncbi.nlm.nih.gov/42154023/
pubmed:42152638:pubmed_kidney_stone_refined_20260531T223339_33755914,kidney_stone_refined,42152638,2026,likely_exclude,likely_exclude,kidney stone; urolithiasis,calcium,kidney stone; recurrence,,"Machine Learning-Enabled Exploration of Bryophyllum Pinnatum Phytoconstituents for Urolithiasis Management: Molecular Docking, MMGBSA Analysis, ADMET Profiling, MD simulations, and Toxicity Assessment.",https://pubmed.ncbi.nlm.nih.gov/42152638/
pubmed:42147788:pubmed_kidney_stone_refined_20260531T223339_33755914,kidney_stone_refined,42147788,2026,likely_exclude,likely_exclude,kidney stone,calcium,kidney stone; recurrence; adverse,cohort,Long-term citrate treatment in high-risk kidney stone formers is not associated with metabolic adverse effects.,https://pubmed.ncbi.nlm.nih.gov/42147788/
pubmed:42136917:pubmed_kidney_stone_refined_20260531T223339_33755914,kidney_stone_refined,42136917,2026,likely_exclude,likely_exclude,kidney stone; nephrolithiasis,calcium,kidney stone; nephrolithiasis,cohort,When Stones Begin: Age of Onset Reveals the Systemic Metabolic Nature of Nephrolithiasis.,https://pubmed.ncbi.nlm.nih.gov/42136917/
pubmed:42133563:pubmed_kidney_stone_refined_20260531T223339_33755914,kidney_stone_refined,42133563,2026,likely_exclude,likely_exclude,nephrolithiasis,calcium,nephrolithiasis; recurrence,,LncRNA MIR205HG elevates FSTL1 expression to drive calcium oxalate nephrolithiasis in vitro through absorbing miR-5581-3p.,https://pubmed.ncbi.nlm.nih.gov/42133563/
pubmed:42129239:pubmed_kidney_stone_refined_20260531T223339_33755914,kidney_stone_refined,42129239,2026,likely_exclude,likely_exclude,nephrolithiasis; hypercalciuria,calcium,hypercalcemia; hypercalciuria; nephrolithiasis,,Chest radiographic findings suggestive of possible sarcoidosis in patients with nephrolithiasis.,https://pubmed.ncbi.nlm.nih.gov/42129239/
pubmed:42128230:pubmed_kidney_stone_refined_20260531T223339_33755914,kidney_stone_refined,42128230,2026,likely_exclude,likely_exclude,nephrolithiasis; hypercalciuria,calcium,hypercalciuria; nephrolithiasis,systematic review,Microgravity-Related Changes in Urinary Calcium and Oxalate Excretion: A Systematic Review of Astronaut Data.,https://pubmed.ncbi.nlm.nih.gov/42128230/
pubmed:42105121:pubmed_kidney_stone_refined_20260531T223339_33755914,kidney_stone_refined,42105121,2026,likely_exclude,likely_exclude,nephrolithiasis,calcium,nephrolithiasis; adverse,,"A comparative analysis of osteoporosis, nephrolithiasis, and metabolic/cardiovascular comorbidities in normocalcemic and mild primary hyperparathyroidism.",https://pubmed.ncbi.nlm.nih.gov/42105121/
pubmed:42103208:pubmed_kidney_stone_refined_20260531T223339_33755914,kidney_stone_refined,42103208,2026,likely_exclude,likely_exclude,kidney stone,calcium,kidney stone; recurrence,,Gut Oxalate Transport and Gut Microbiome as Potential Therapeutic Targets for Hyperoxaluria and Hyperoxalemia: Implications for Related Human Disease.,https://pubmed.ncbi.nlm.nih.gov/42103208/
pubmed:28317415:pubmed_anticoag_refined_20260603T125913_ece52619,anticoag_refined,28317415,2017,likely_exclude,likely_exclude,warfarin; anticoagulant; anticoagulation; atrial fibrillation,vitamin k,bleeding,randomized,Uninterrupted Dabigatran versus Warfarin for Ablation in Atrial Fibrillation.,https://pubmed.ncbi.nlm.nih.gov/28317415/
pubmed:39644000:pubmed_anticoag_refined_20260603T125913_ece52619,anticoag_refined,39644000,2024,likely_exclude,likely_exclude,warfarin; anticoagulant; anticoagulation; inr,epa; vitamin k,inr; interaction,,Warfarin and heparin monitoring in antiphospholipid syndrome.,https://pubmed.ncbi.nlm.nih.gov/39644000/
pubmed:36244055:pubmed_anticoag_refined_20260603T125913_ece52619,anticoag_refined,36244055,2023,likely_exclude,likely_exclude,anticoagulant; anticoagulation; atrial fibrillation,vitamin k,bleeding; hemorrhage; adverse event,randomized,Risk and Management of Bleeding Complications with Direct Oral Anticoagulants in Patients with Atrial Fibrillation and Venous Thromboembolism: a Narrative Review.,https://pubmed.ncbi.nlm.nih.gov/36244055/
pubmed:39288907:pubmed_anticoag_refined_20260603T125913_ece52619,anticoag_refined,39288907,2025,manual_review_high,include_candidate,warfarin; anticoagulant; anticoagulation,vitamin k; cranberry; herbal,bleeding; interaction,randomized; cohort; case report; case series; pharmacokinetic,"Pharmacokinetic and Pharmacodynamic Interactions between Food or Herbal Products and Oral Anticoagulants: Evidence Review, Practical Recommendations, and Knowledge Gaps.",https://pubmed.ncbi.nlm.nih.gov/39288907/
pubmed:36304597:pubmed_anticoag_refined_20260603T125913_ece52619,anticoag_refined,36304597,2022,likely_exclude,exclude_duplicate,anticoagulant,fish oil; cranberry; glucosamine; herbal; supplement,bleeding,,Dietary supplements and bleeding.,https://pubmed.ncbi.nlm.nih.gov/36304597/
pubmed:27754958:pubmed_anticoag_refined_20260603T125913_ece52619,anticoag_refined,27754958,2017,likely_exclude,likely_exclude,warfarin; anticoagulant; atrial fibrillation; inr,vitamin k,inr,,Point-of-care testing INR: an overview.,https://pubmed.ncbi.nlm.nih.gov/27754958/
pubmed:21364039:pubmed_anticoag_refined_20260603T125913_ece52619,anticoag_refined,21364039,2011,likely_exclude,likely_exclude,warfarin; anticoagulant; inr,epa; cranberry; herbal,inr; interaction,clinical trial; case report,Warfarin-cranberry juice interaction.,https://pubmed.ncbi.nlm.nih.gov/21364039/
pubmed:33212808:pubmed_anticoag_refined_20260603T125913_ece52619,anticoag_refined,33212808,2020,likely_exclude,likely_exclude,warfarin; anticoagulant; anticoagulation; inr,epa; vitamin k,inr; platelet,,Management of Antiphospholipid Syndrome.,https://pubmed.ncbi.nlm.nih.gov/33212808/
pubmed:18666848:pubmed_anticoag_refined_20260603T125913_ece52619,anticoag_refined,18666848,2008,likely_exclude,likely_exclude,warfarin; anticoagulation; inr,vitamin k,inr,,Self-management of anticoagulation.,https://pubmed.ncbi.nlm.nih.gov/18666848/
pubmed:38795872:pubmed_anticoag_refined_20260603T125913_ece52619,anticoag_refined,38795872,2024,likely_exclude,likely_exclude,inr,vitamin k,bleeding; inr,,The historical origins of modern international normalized ratio targets.,https://pubmed.ncbi.nlm.nih.gov/38795872/
pubmed:38958388:pubmed_anticoag_refined_20260603T125913_ece52619,anticoag_refined,38958388,2024,likely_exclude,likely_exclude,anticoagulation; inr,vitamin k,hemorrhage; inr,randomized; cohort,Building evidence on safety of endovascular thrombectomy for patients under anticoagulation with vitamin K antagonists.,https://pubmed.ncbi.nlm.nih.gov/38958388/
pubmed:35533748:pubmed_anticoag_refined_20260603T125913_ece52619,anticoag_refined,35533748,2022,likely_exclude,likely_exclude,warfarin; anticoagulation; atrial fibrillation; inr,vitamin k,bleeding; inr,,Over-anticoagulation by vitamin K antagonists and gender differences.,https://pubmed.ncbi.nlm.nih.gov/35533748/
pubmed:24832594:pubmed_anticoag_refined_20260603T125913_ece52619,anticoag_refined,24832594,2014,likely_exclude,likely_exclude,warfarin; anticoagulation; inr,vitamin k; supplement,bleeding; haemorrhage; inr,systematic review; randomised,Vitamin K for improved anticoagulation control in patients receiving warfarin.,https://pubmed.ncbi.nlm.nih.gov/24832594/
pubmed:35834523:pubmed_anticoag_refined_20260603T125913_ece52619,anticoag_refined,35834523,2022,likely_exclude,likely_exclude,warfarin; anticoagulation; inr,vitamin k,bleeding; inr; adverse event,systematic review; meta-analysis,Vitamin K antagonist reversal strategies: Systematic review and network meta-analysis from the AABB.,https://pubmed.ncbi.nlm.nih.gov/35834523/
pubmed:14639058:pubmed_anticoag_refined_20260603T125913_ece52619,anticoag_refined,14639058,2003,likely_exclude,likely_exclude,warfarin; anticoagulation; inr,vitamin k,bleeding; inr; interaction,,Intentional warfarin overdose.,https://pubmed.ncbi.nlm.nih.gov/14639058/
pubmed:33614342:pubmed_anticoag_refined_20260603T125913_ece52619,anticoag_refined,33614342,2021,likely_exclude,likely_exclude,warfarin; anticoagulant; inr,vitamin k,bleeding; inr; interaction,,Tongue Hematoma With Necrosis.,https://pubmed.ncbi.nlm.nih.gov/33614342/
pubmed:17143047:pubmed_anticoag_refined_20260603T125913_ece52619,anticoag_refined,17143047,2007,likely_exclude,likely_exclude,warfarin; anticoagulant; anticoagulation; inr,vitamin k; supplement,inr; interaction,randomized,Dietary vitamin K intake and anticoagulation in elderly patients.,https://pubmed.ncbi.nlm.nih.gov/17143047/
pubmed:16610971:pubmed_anticoag_refined_20260603T125913_ece52619,anticoag_refined,16610971,2006,likely_exclude,likely_exclude,warfarin; anticoagulant; anticoagulation,vitamin k; herbal; supplement,bleeding; interaction,pharmacokinetic,"Warfarin and its interactions with foods, herbs and other dietary supplements.",https://pubmed.ncbi.nlm.nih.gov/16610971/
pubmed:27785043:pubmed_anticoag_refined_20260603T125913_ece52619,anticoag_refined,27785043,2016,likely_exclude,likely_exclude,anticoagulant; anticoagulation; inr,vitamin k,inr,,International normalized ratio self-testing and self-management: improving patient outcomes.,https://pubmed.ncbi.nlm.nih.gov/27785043/
pubmed:34652608:pubmed_anticoag_refined_20260603T125913_ece52619,anticoag_refined,34652608,2022,likely_exclude,likely_exclude,warfarin; anticoagulation; inr,,inr,pharmacokinetic,Semi-empirical anticoagulation model (SAM): INR monitoring during Warfarin therapy.,https://pubmed.ncbi.nlm.nih.gov/34652608/
pubmed:7863972:pubmed_anticoag_refined_20260603T125913_ece52619,anticoag_refined,7863972,1995,likely_exclude,likely_exclude,warfarin; anticoagulant; inr,epa; vitamin k,bleeding; inr,,Optimal intensity and monitoring warfarin.,https://pubmed.ncbi.nlm.nih.gov/7863972/
pubmed:22077529:pubmed_anticoag_refined_20260603T125913_ece52619,anticoag_refined,22077529,2011,likely_exclude,likely_exclude,warfarin; anticoagulant,vitamin k; supplement,bleeding,,Treatment of warfarin-associated coagulopathy with vitamin K.,https://pubmed.ncbi.nlm.nih.gov/22077529/
pubmed:31209952:pubmed_anticoag_refined_20260603T125913_ece52619,anticoag_refined,31209952,2019,likely_exclude,likely_exclude,warfarin; anticoagulant; anticoagulation; atrial fibrillation,vitamin k; supplement,bleeding; hemorrhage,systematic review; randomized; clinical trial,Warfarin in nonvalvular atrial fibrillation-Time for a change?,https://pubmed.ncbi.nlm.nih.gov/31209952/
pubmed:27913535:pubmed_anticoag_refined_20260603T125913_ece52619,anticoag_refined,27913535,2016,likely_exclude,likely_exclude,anticoagulant; anticoagulation; inr,epa; vitamin k,bleeding; inr; interaction,pharmacokinetic,Reversing vitamin K antagonists: making the old new again.,https://pubmed.ncbi.nlm.nih.gov/27913535/
pubmed:36940171:pubmed_anticoag_refined_20260603T125913_ece52619,anticoag_refined,36940171,2023,likely_exclude,likely_exclude,warfarin; anticoagulant; anticoagulation; atrial fibrillation; inr,vitamin k,bleeding; inr; interaction,,Converting patients from warfarin to non-vitamin K antagonist oral anticoagulants.,https://pubmed.ncbi.nlm.nih.gov/36940171/
pubmed:33895864:pubmed_anticoag_refined_20260603T125913_ece52619,anticoag_refined,33895864,2021,likely_exclude,likely_exclude,warfarin; anticoagulant; inr,vitamin k,inr; interaction,systematic review,Drug-drug interactions between vitamin K antagonists and statins: a systematic review.,https://pubmed.ncbi.nlm.nih.gov/33895864/
pubmed:35149398:pubmed_anticoag_refined_20260603T125913_ece52619,anticoag_refined,35149398,2022,likely_exclude,likely_exclude,warfarin; anticoagulant; inr,vitamin k,inr,,Warfarin monitoring and interference by lupus anticoagulant in patients with antiphospholipid syndrome.,https://pubmed.ncbi.nlm.nih.gov/35149398/
pubmed:18636228:pubmed_anticoag_refined_20260603T125913_ece52619,anticoag_refined,18636228,2009,likely_exclude,likely_exclude,warfarin; anticoagulation; inr,vitamin k,inr; adverse event,,Anticoagulation: where we are and where we need to go.,https://pubmed.ncbi.nlm.nih.gov/18636228/
pubmed:15630483:pubmed_anticoag_refined_20260603T125913_ece52619,anticoag_refined,15630483,2005,likely_exclude,likely_exclude,warfarin; anticoagulant; anticoagulation; inr,vitamin k; herbal,bleeding; inr; platelet; interaction,,Herbal remedies and anticoagulant therapy.,https://pubmed.ncbi.nlm.nih.gov/15630483/
pubmed:28249326:pubmed_anticoag_refined_20260603T125913_ece52619,anticoag_refined,28249326,2017,likely_exclude,likely_exclude,warfarin; anticoagulant; anticoagulation,vitamin k,bleeding,clinical trial; pharmacokinetic,Laboratory Assessment of Direct Oral Anticoagulants.,https://pubmed.ncbi.nlm.nih.gov/28249326/
pubmed:33543639:pubmed_anticoag_refined_20260603T125913_ece52619,anticoag_refined,33543639,2021,likely_exclude,likely_exclude,warfarin; inr,vitamin k,inr,cohort,INR Response to Low-Dose Vitamin K in Warfarin Patients.,https://pubmed.ncbi.nlm.nih.gov/33543639/
pubmed:30850385:pubmed_anticoag_refined_20260603T125913_ece52619,anticoag_refined,30850385,2019,likely_exclude,likely_exclude,anticoagulation; inr,vitamin k,bleeding; inr,systematic review; meta-analysis; randomized,Vitamin K for reversal of excessive vitamin K antagonist anticoagulation: a systematic review and meta-analysis.,https://pubmed.ncbi.nlm.nih.gov/30850385/
pubmed:30157037:pubmed_anticoag_refined_20260603T125913_ece52619,anticoag_refined,30157037,2018,likely_exclude,likely_exclude,anticoagulant; anticoagulation,vitamin k,bleeding; hemorrhage,,Prothrombin Complex Concentrates for Perioperative Vitamin K Antagonist and Non-vitamin K Anticoagulant Reversal.,https://pubmed.ncbi.nlm.nih.gov/30157037/
pubmed:14967065:pubmed_anticoag_refined_20260603T125913_ece52619,anticoag_refined,14967065,2004,likely_exclude,likely_exclude,warfarin; anticoagulant; anticoagulation; inr,vitamin k,bleeding; hemorrhage; inr,,The use of vitamin K in patients on anticoagulant therapy: a practical guide.,https://pubmed.ncbi.nlm.nih.gov/14967065/
pubmed:16505257:pubmed_anticoag_refined_20260603T125913_ece52619,anticoag_refined,16505257,2006,likely_exclude,likely_exclude,warfarin; anticoagulant; anticoagulation; inr,vitamin k,bleeding; hemorrhage; inr; adverse event,meta-analysis; randomized,Treatment of excessive anticoagulation with phytonadione (vitamin K): a meta-analysis.,https://pubmed.ncbi.nlm.nih.gov/16505257/
pubmed:25033004:pubmed_anticoag_refined_20260603T125913_ece52619,anticoag_refined,25033004,2014,likely_exclude,likely_exclude,warfarin; anticoagulant; anticoagulation,epa; vitamin k,bleeding; hemorrhage; adverse event,,Anticoagulation: managing adverse events in patients receiving anticoagulation and perioperative care.,https://pubmed.ncbi.nlm.nih.gov/25033004/
pubmed:26420063:pubmed_anticoag_refined_20260603T125913_ece52619,anticoag_refined,26420063,2015,likely_exclude,likely_exclude,warfarin; anticoagulant; anticoagulation,vitamin k,bleeding; interaction,,[Direct oral anticoagulation and gastrointestinal bleeding: Interventional therapy management].,https://pubmed.ncbi.nlm.nih.gov/26420063/
pubmed:40460572:pubmed_anticoag_refined_20260603T125913_ece52619,anticoag_refined,40460572,2025,likely_exclude,likely_exclude,warfarin; anticoagulant; anticoagulation; inr,vitamin k,inr,,Control of warfarin treatment in patients with antiphospholipid syndrome and falsely high INR at point-of-care-testing.,https://pubmed.ncbi.nlm.nih.gov/40460572/
pubmed:38716521:pubmed_anticoag_refined_20260603T125913_ece52619,anticoag_refined,38716521,2023,likely_exclude,likely_exclude,warfarin; anticoagulant; anticoagulation; inr,vitamin k,inr,,Critical Appraisal on the Role of Warfarin in the Current Era.,https://pubmed.ncbi.nlm.nih.gov/38716521/
pubmed:22231999:pubmed_anticoag_refined_20260603T125913_ece52619,anticoag_refined,22231999,2012,likely_exclude,likely_exclude,warfarin; atrial fibrillation; inr,epa; cranberry,inr; interaction,case report; pharmacokinetic,Cranberry and warfarin interaction: a case report and review of the literature.,https://pubmed.ncbi.nlm.nih.gov/22231999/
pubmed:27052207:pubmed_anticoag_refined_20260603T125913_ece52619,anticoag_refined,27052207,2017,likely_exclude,likely_exclude,warfarin; anticoagulant; anticoagulation; inr,vitamin k,inr; interaction,,Ezetimibe enhances and stabilizes anticoagulant effect of warfarin.,https://pubmed.ncbi.nlm.nih.gov/27052207/
pubmed:18549907:pubmed_anticoag_refined_20260603T125913_ece52619,anticoag_refined,18549907,2008,likely_exclude,likely_exclude,warfarin; anticoagulant; anticoagulation; inr,vitamin k,bleeding; haemorrhage; inr,clinical trial,Warfarin-induced bleeding complications - clinical presentation and therapeutic options.,https://pubmed.ncbi.nlm.nih.gov/18549907/
pubmed:19882303:pubmed_anticoag_refined_20260603T125913_ece52619,anticoag_refined,19882303,2010,likely_exclude,likely_exclude,warfarin; anticoagulation; inr,vitamin k,bleeding; inr,,Warfarin anticoagulation reversal: management of the asymptomatic and bleeding patient.,https://pubmed.ncbi.nlm.nih.gov/19882303/
pubmed:31171018:pubmed_anticoag_refined_20260603T125913_ece52619,anticoag_refined,31171018,2019,likely_exclude,likely_exclude,anticoagulant; anticoagulation,vitamin k,hemorrhage,,Reversal of oral anticoagulation in patients with acute intracerebral hemorrhage.,https://pubmed.ncbi.nlm.nih.gov/31171018/
pubmed:30714620:pubmed_anticoag_refined_20260603T125913_ece52619,anticoag_refined,30714620,2019,likely_exclude,likely_exclude,warfarin; inr,vitamin k,inr,,Effect of vitamin K administration on rate of warfarin reversal.,https://pubmed.ncbi.nlm.nih.gov/30714620/
pubmed:32270628:pubmed_anticoag_refined_20260603T125913_ece52619,anticoag_refined,32270628,2020,likely_exclude,likely_exclude,warfarin; anticoagulation; inr,vitamin k,inr; interaction,,Impact of CYP2C9-Interacting Drugs on Warfarin Pharmacogenomics.,https://pubmed.ncbi.nlm.nih.gov/32270628/
pubmed:17565042:pubmed_anticoag_refined_20260603T125913_ece52619,anticoag_refined,17565042,2007,likely_exclude,likely_exclude,warfarin; inr,vitamin k,bleeding; hemorrhage; inr; interaction,,Probable warfarin-simvastatin interaction.,https://pubmed.ncbi.nlm.nih.gov/17565042/
pubmed:16786467:pubmed_anticoag_refined_20260603T125913_ece52619,anticoag_refined,16786467,2006,likely_exclude,likely_exclude,warfarin; anticoagulant; anticoagulation; atrial fibrillation; inr,vitamin k,bleeding; inr,randomized; clinical trial,[Anticoagulation with atrial fibrillation].,https://pubmed.ncbi.nlm.nih.gov/16786467/
pubmed:26573697:pubmed_anticoag_refined_20260603T125913_ece52619,anticoag_refined,26573697,2016,likely_exclude,likely_exclude,anticoagulant,epa; vitamin k,bleeding; hemorrhage,,How to effectively manage the event of bleeding complications when using anticoagulants.,https://pubmed.ncbi.nlm.nih.gov/26573697/
pubmed:35491419:pubmed_anticoag_refined_20260603T125913_ece52619,anticoag_refined,35491419,2022,likely_exclude,likely_exclude,anticoagulant; anticoagulation; atrial fibrillation; inr,epa; vitamin k,bleeding; hemorrhage; inr; adverse event,,Intracranial bleeding under vitamin K antagonists or direct oral anticoagulants: results of the RADOA registry.,https://pubmed.ncbi.nlm.nih.gov/35491419/
pubmed:16492066:pubmed_anticoag_refined_20260603T125913_ece52619,anticoag_refined,16492066,2006,likely_exclude,likely_exclude,warfarin; anticoagulant; anticoagulation; atrial fibrillation,vitamin k,bleeding; haemorrhage,,Haemorrhagic complications of vitamin k antagonists in the elderly: risk factors and management.,https://pubmed.ncbi.nlm.nih.gov/16492066/
pubmed:22973107:pubmed_anticoag_refined_20260603T125913_ece52619,anticoag_refined,22973107,2012,likely_exclude,likely_exclude,warfarin; anticoagulant; anticoagulation; atrial fibrillation; inr,vitamin k,inr,randomized; pharmacokinetic,Rivaroxaban in atrial fibrillation.,https://pubmed.ncbi.nlm.nih.gov/22973107/
pubmed:32282500:pubmed_anticoag_refined_20260603T125913_ece52619,anticoag_refined,32282500,2020,likely_exclude,likely_exclude,warfarin; anticoagulation; inr,vitamin k,inr,,LRP1 and APOA1 Polymorphisms: Impact on Warfarin International Normalized Ratio-Related Phenotypes.,https://pubmed.ncbi.nlm.nih.gov/32282500/
pubmed:12523469:pubmed_anticoag_refined_20260603T125913_ece52619,anticoag_refined,12523469,2003,likely_exclude,likely_exclude,warfarin; anticoagulant; anticoagulation; atrial fibrillation; inr,vitamin k,inr; interaction,,Warfarin and acetaminophen interaction.,https://pubmed.ncbi.nlm.nih.gov/12523469/
pubmed:22114781:pubmed_anticoag_refined_20260603T125913_ece52619,anticoag_refined,22114781,2011,likely_exclude,likely_exclude,warfarin; anticoagulant; inr,vitamin k,inr,randomized,Current challenges in personalizing warfarin therapy.,https://pubmed.ncbi.nlm.nih.gov/22114781/
pubmed:16945054:pubmed_anticoag_refined_20260603T125913_ece52619,anticoag_refined,16945054,2006,likely_exclude,likely_exclude,warfarin; anticoagulation,cranberry; supplement,bleeding; interaction,,Interaction between warfarin and cranberry juice.,https://pubmed.ncbi.nlm.nih.gov/16945054/
pubmed:10917378:pubmed_anticoag_refined_20260603T125913_ece52619,anticoag_refined,10917378,2000,likely_exclude,likely_exclude,warfarin; anticoagulant; inr,vitamin k,inr; interaction,,Warfarin and celecoxib interaction.,https://pubmed.ncbi.nlm.nih.gov/10917378/
pubmed:14742793:pubmed_anticoag_refined_20260603T125913_ece52619,anticoag_refined,14742793,2004,likely_exclude,likely_exclude,warfarin; anticoagulant; anticoagulation; inr,omega-3; fish oil; epa; polyunsaturated fatty acid; vitamin k; herbal; supplement,inr; platelet; interaction,case report,Fish oil interaction with warfarin.,https://pubmed.ncbi.nlm.nih.gov/14742793/
pubmed:25112306:pubmed_anticoag_refined_20260603T125913_ece52619,anticoag_refined,25112306,2015,likely_exclude,likely_exclude,warfarin; inr,cranberry,inr; interaction,clinical trial; case report,A Comprehensive Review of Potential Warfarin-Fruit Interactions.,https://pubmed.ncbi.nlm.nih.gov/25112306/
pubmed:23790596:pubmed_anticoag_refined_20260603T125913_ece52619,anticoag_refined,23790596,2013,likely_exclude,likely_exclude,warfarin; anticoagulant; anticoagulation; inr,vitamin k,bleeding; inr,,Assessment of anticoagulation intensity and management of bleeding with old and new oral anticoagulants.,https://pubmed.ncbi.nlm.nih.gov/23790596/
pubmed:22467528:pubmed_anticoag_refined_20260603T125913_ece52619,anticoag_refined,22467528,2012,likely_exclude,likely_exclude,warfarin; anticoagulation; inr,vitamin k,inr; platelet,,Intensity and duration of anticoagulation therapy in antiphospholipid syndrome.,https://pubmed.ncbi.nlm.nih.gov/22467528/
pubmed:37892697:pubmed_anticoag_refined_20260603T125913_ece52619,anticoag_refined,37892697,2023,likely_exclude,likely_exclude,warfarin; anticoagulation; atrial fibrillation,vitamin k,bleeding; interaction,randomized,"Relationships, Current Issues, Safety and Efficacy of Oral Anticoagulation in Cancer Patients with Atrial Fibrillation.",https://pubmed.ncbi.nlm.nih.gov/37892697/
pubmed:35261442:pubmed_anticoag_refined_20260603T125913_ece52619,anticoag_refined,35261442,2022,likely_exclude,likely_exclude,warfarin; anticoagulation; atrial fibrillation; inr,vitamin k,bleeding; hemorrhage; inr,,Time in therapeutic range of anticoagulation among patients with atrial fibrillation and cerebral amyloid angiopathy.,https://pubmed.ncbi.nlm.nih.gov/35261442/
pubmed:39687922:pubmed_anticoag_refined_20260603T125913_ece52619,anticoag_refined,39687922,2024,likely_exclude,likely_exclude,anticoagulation; inr,epa; vitamin k,bleeding; inr,,International normalized ratio measurement during perioperative anticoagulation bridging with low-molecular-weight heparin in patients undergoing heart valve replacement surgery.,https://pubmed.ncbi.nlm.nih.gov/39687922/
pubmed:19476425:pubmed_anticoag_refined_20260603T125913_ece52619,anticoag_refined,19476425,2009,likely_exclude,likely_exclude,warfarin; anticoagulant; anticoagulation; atrial fibrillation; inr,vitamin k; herbal,inr; interaction,case report,Interaction between gemfibrozil and warfarin: case report and review of the literature.,https://pubmed.ncbi.nlm.nih.gov/19476425/
pubmed:37673103:pubmed_anticoag_refined_20260603T125913_ece52619,anticoag_refined,37673103,2024,likely_exclude,likely_exclude,anticoagulant; inr,vitamin k,inr,,"Effect of Previous INR Control during VKA Therapy on Subsequent DOAC Adherence and Persistence, in Patients Switched from VKA to DOAC.",https://pubmed.ncbi.nlm.nih.gov/37673103/
pubmed:28515748:pubmed_anticoag_refined_20260603T125913_ece52619,anticoag_refined,28515748,2017,likely_exclude,likely_exclude,warfarin; inr,herbal,inr; interaction,,Effects of propolis on warfarin efficacy.,https://pubmed.ncbi.nlm.nih.gov/28515748/
pubmed:16941417:pubmed_anticoag_refined_20260603T125913_ece52619,anticoag_refined,16941417,2006,likely_exclude,likely_exclude,warfarin; anticoagulant; anticoagulation; inr,vitamin k,inr; interaction,,Dietary vitamin K variability affects International Normalized Ratio (INR) coagulation indices.,https://pubmed.ncbi.nlm.nih.gov/16941417/
pubmed:32522446:pubmed_anticoag_refined_20260603T125913_ece52619,anticoag_refined,32522446,2020,likely_exclude,likely_exclude,warfarin; anticoagulant; anticoagulation; atrial fibrillation,vitamin k,hemorrhage,cohort,Anticoagulation resumption after intracranial hemorrhage in patients treated with VKA and DOACs.,https://pubmed.ncbi.nlm.nih.gov/32522446/
pubmed:37313284:pubmed_anticoag_refined_20260603T125913_ece52619,anticoag_refined,37313284,2023,likely_exclude,likely_exclude,anticoagulant; inr,vitamin k,bleeding; hemorrhage; inr,,A Case of Symptomatic Supratherapeutic International Normalized Ratio on Rivaroxaban.,https://pubmed.ncbi.nlm.nih.gov/37313284/
pubmed:39491548:pubmed_anticoag_refined_20260603T125913_ece52619,anticoag_refined,39491548,2024,likely_exclude,likely_exclude,anticoagulant; anticoagulation,vitamin k,bleeding; adverse event,randomized; clinical trial,Transitioning between therapeutic anticoagulants: a clinicians guide to switching patients to or from DOAC therapy.,https://pubmed.ncbi.nlm.nih.gov/39491548/
pubmed:27354859:pubmed_anticoag_refined_20260603T125913_ece52619,anticoag_refined,27354859,2016,likely_exclude,likely_exclude,warfarin; anticoagulant; anticoagulation,vitamin k,bleeding; platelet,,Management of antithrombotic therapy during cardiac implantable device surgery.,https://pubmed.ncbi.nlm.nih.gov/27354859/
pubmed:16305294:pubmed_anticoag_refined_20260603T125913_ece52619,anticoag_refined,16305294,2005,likely_exclude,likely_exclude,warfarin; anticoagulant; anticoagulation; inr,vitamin k; supplement,inr,,Low-dose vitamin K to augment anticoagulation control.,https://pubmed.ncbi.nlm.nih.gov/16305294/
pubmed:23545828:pubmed_anticoag_refined_20260603T125913_ece52619,anticoag_refined,23545828,2013,likely_exclude,likely_exclude,warfarin; anticoagulant; inr,vitamin k,inr,pharmacokinetic,[Diagnosis and treatment of warfarin resistance].,https://pubmed.ncbi.nlm.nih.gov/23545828/
pubmed:32750627:pubmed_anticoag_refined_20260603T125913_ece52619,anticoag_refined,32750627,2020,likely_exclude,likely_exclude,anticoagulant; anticoagulation,vitamin k,bleeding; hemorrhage,,A review of guidelines on anticoagulation reversal across different clinical scenarios - Is there a general consensus?,https://pubmed.ncbi.nlm.nih.gov/32750627/
pubmed:40188746:pubmed_anticoag_refined_20260603T125913_ece52619,anticoag_refined,40188746,2025,likely_exclude,likely_exclude,warfarin; anticoagulant; inr,vitamin k,bleeding; inr,,Twenty years of the four-factor prothrombin complex concentrate Octaplex/Balfaxar: A narrative review.,https://pubmed.ncbi.nlm.nih.gov/40188746/
pubmed:33070895:pubmed_anticoag_refined_20260603T125913_ece52619,anticoag_refined,33070895,2020,likely_exclude,likely_exclude,anticoagulation; inr,vitamin k,bleeding; hemorrhage; inr,cohort,Prothrombin complex concentrate for vitamin K antagonist reversal in traumatic intracranial hemorrhage.,https://pubmed.ncbi.nlm.nih.gov/33070895/
pubmed:25213003:pubmed_anticoag_refined_20260603T125913_ece52619,anticoag_refined,25213003,2014,likely_exclude,likely_exclude,warfarin; anticoagulant; atrial fibrillation; inr,vitamin k,bleeding; inr,,Impact of non-vitamin k antagonist oral anticoagulants on intracranial bleeding in Asian patients with non-valvular atrial fibrillation.,https://pubmed.ncbi.nlm.nih.gov/25213003/
pubmed:34277237:pubmed_anticoag_refined_20260603T125913_ece52619,anticoag_refined,34277237,2021,likely_exclude,likely_exclude,warfarin; anticoagulation,vitamin k; supplement,bleeding; hemorrhage,case report,Management of Life-Threatening Bleeding in Patients With Mechanical Heart Valves.,https://pubmed.ncbi.nlm.nih.gov/34277237/
pubmed:19052707:pubmed_anticoag_refined_20260603T125913_ece52619,anticoag_refined,19052707,2008,likely_exclude,likely_exclude,warfarin; anticoagulation; atrial fibrillation; inr,epa; vitamin k,bleeding; inr,,[Bleeding risk and perioperative management of patients anticoagulated with vitamin K antagnosists].,https://pubmed.ncbi.nlm.nih.gov/19052707/
pubmed:12659605:pubmed_anticoag_refined_20260603T125913_ece52619,anticoag_refined,12659605,2003,likely_exclude,likely_exclude,warfarin; atrial fibrillation; inr,vitamin k; herbal,inr,,Orlistat enhances warfarin effect.,https://pubmed.ncbi.nlm.nih.gov/12659605/
pubmed:26666325:pubmed_anticoag_refined_20260603T125913_ece52619,anticoag_refined,26666325,2015,likely_exclude,likely_exclude,warfarin; anticoagulant; anticoagulation; atrial fibrillation; inr,vitamin k,bleeding; inr,,The Use of Novel Oral Anticoagulants in Atrial Fibrillation.,https://pubmed.ncbi.nlm.nih.gov/26666325/
pubmed:37601024:pubmed_anticoag_refined_20260603T125913_ece52619,anticoag_refined,37601024,2023,likely_exclude,likely_exclude,anticoagulant,vitamin k,hemorrhage,,Direct oral anticoagulants or vitamin K antagonists in emergencies: comparison of management in an observational study.,https://pubmed.ncbi.nlm.nih.gov/37601024/
pubmed:27232386:pubmed_anticoag_refined_20260603T125913_ece52619,anticoag_refined,27232386,2016,likely_exclude,likely_exclude,anticoagulation; inr,vitamin k; supplement,bleeding; inr,systematic review,Effect of Vitamin K Intake on the Stability of Treatment with Vitamin K Antagonists: A Systematic Review of the Literature.,https://pubmed.ncbi.nlm.nih.gov/27232386/
pubmed:10850575:pubmed_anticoag_refined_20260603T125913_ece52619,anticoag_refined,10850575,2000,likely_exclude,likely_exclude,warfarin,vitamin k,bleeding; haemorrhage,,NovoSeven in warfarin-treated patients.,https://pubmed.ncbi.nlm.nih.gov/10850575/
pubmed:17322161:pubmed_anticoag_refined_20260603T125913_ece52619,anticoag_refined,17322161,2007,likely_exclude,likely_exclude,warfarin; anticoagulation; inr,cranberry,bleeding; inr; interaction,randomized; clinical trial; case report,Interaction potential between cranberry juice and warfarin.,https://pubmed.ncbi.nlm.nih.gov/17322161/
pubmed:24019755:pubmed_anticoag_refined_20260603T125913_ece52619,anticoag_refined,24019755,2013,likely_exclude,likely_exclude,warfarin; anticoagulant; anticoagulation; atrial fibrillation,vitamin k,bleeding; hemorrhage,randomized; clinical trial,Current strategies to minimize the bleeding risk of warfarin.,https://pubmed.ncbi.nlm.nih.gov/24019755/
pubmed:38829189:pubmed_anticoag_refined_20260603T125913_ece52619,anticoag_refined,38829189,2024,likely_exclude,likely_exclude,warfarin; anticoagulant; anticoagulation; atrial fibrillation; inr,vitamin k,bleeding; inr,cohort,Thromboembolic and bleeding complications after elective cardioversion of atrial fibrillation: a nationwide cohort study.,https://pubmed.ncbi.nlm.nih.gov/38829189/
pubmed:28724836:pubmed_anticoag_refined_20260603T125913_ece52619,anticoag_refined,28724836,2017,likely_exclude,likely_exclude,inr,vitamin k,bleeding; hemorrhage; inr,,Prothrombin Complex Concentrate for Vitamin K Antagonist-Associated Intracranial Hemorrhage - Global Evidence and the Japanese Perspective.,https://pubmed.ncbi.nlm.nih.gov/28724836/
pubmed:32029342:pubmed_anticoag_refined_20260603T125913_ece52619,anticoag_refined,32029342,2020,likely_exclude,likely_exclude,warfarin; anticoagulation; inr,epa; vitamin k,bleeding; hemorrhage; inr,,Emergency medicine misconceptions: Utility of routine coagulation panels in the emergency department setting.,https://pubmed.ncbi.nlm.nih.gov/32029342/
pubmed:23943978:pubmed_anticoag_refined_20260603T125913_ece52619,anticoag_refined,23943978,2013,likely_exclude,likely_exclude,warfarin; anticoagulant; anticoagulation; inr,vitamin k,inr,,Treatment with vitamin K in hip fracture patients receiving warfarin.,https://pubmed.ncbi.nlm.nih.gov/23943978/
pubmed:21274594:pubmed_anticoag_refined_20260603T125913_ece52619,anticoag_refined,21274594,2011,likely_exclude,likely_exclude,warfarin; anticoagulation; inr,vitamin k,bleeding; inr; interaction,,"Practical issues with vitamin K antagonists: elevated INRs, low time-in-therapeutic range, and warfarin failure.",https://pubmed.ncbi.nlm.nih.gov/21274594/
pubmed:30808216:pubmed_anticoag_refined_20260603T125913_ece52619,anticoag_refined,30808216,2019,likely_exclude,likely_exclude,warfarin; inr,vitamin k,inr,cohort,Effects of Obesity on Warfarin Reversal With Vitamin K.,https://pubmed.ncbi.nlm.nih.gov/30808216/
pubmed:37598356:pubmed_anticoag_refined_20260603T125913_ece52619,anticoag_refined,37598356,2023,likely_exclude,likely_exclude,warfarin; anticoagulant; anticoagulation; inr,vitamin k,inr,pharmacokinetic,"Exploring the complex relationship between vitamin K, gut microbiota, and warfarin variability in cardiac surgery patients.",https://pubmed.ncbi.nlm.nih.gov/37598356/
pubmed:27303213:pubmed_anticoag_refined_20260603T125913_ece52619,anticoag_refined,27303213,2016,likely_exclude,likely_exclude,anticoagulant; anticoagulation; inr,vitamin k,bleeding; inr,,Vitamin K antagonist use: evidence of the difficulty of achieving and maintaining target INR range and subsequent consequences.,https://pubmed.ncbi.nlm.nih.gov/27303213/
pubmed:27838137:pubmed_anticoag_refined_20260603T125913_ece52619,anticoag_refined,27838137,2017,likely_exclude,likely_exclude,warfarin; anticoagulation; inr,vitamin k,inr,case report; pharmacokinetic,Warfarin Poisoning with Delayed Rebound Toxicity.,https://pubmed.ncbi.nlm.nih.gov/27838137/
pubmed:27737407:pubmed_anticoag_refined_20260603T125913_ece52619,anticoag_refined,27737407,2016,likely_exclude,likely_exclude,anticoagulant; anticoagulation; atrial fibrillation,vitamin k,bleeding,cohort,Anticoagulation Quality and Complications of using Vitamin K Antagonists in the Cardiac Surgery Outpatient Clinic.,https://pubmed.ncbi.nlm.nih.gov/27737407/
pubmed:35347478:pubmed_anticoag_refined_20260603T125913_ece52619,anticoag_refined,35347478,2022,likely_exclude,likely_exclude,warfarin; anticoagulant; anticoagulation; atrial fibrillation; inr,vitamin k,inr; interaction,randomized; clinical trial,Switching from warfarin to direct-acting oral anticoagulants: it is time to move forward!,https://pubmed.ncbi.nlm.nih.gov/35347478/
pubmed:36906146:pubmed_kidney_stone_refined_20260603T125918_598b32ee,kidney_stone_refined,36906146,2023,likely_exclude,likely_exclude,kidney stone; nephrolithiasis; urolithiasis; hypercalciuria,calcium; vitamin d; vitamin c; supplement,hypercalciuria; kidney stone; nephrolithiasis; recurrence,,Kidney Stone Prevention.,https://pubmed.ncbi.nlm.nih.gov/36906146/
pubmed:33668681:pubmed_kidney_stone_refined_20260603T125918_598b32ee,kidney_stone_refined,33668681,2021,likely_exclude,likely_exclude,renal stone,vitamin c; ascorbic acid,,,"Vitamin C-Sources, Physiological Role, Kinetics, Deficiency, Use, Toxicity, and Determination.",https://pubmed.ncbi.nlm.nih.gov/33668681/
pubmed:27588937:pubmed_kidney_stone_refined_20260603T125918_598b32ee,kidney_stone_refined,27588937,2016,likely_exclude,likely_exclude,renal stone; nephrolithiasis; hypercalciuria,calcium; vitamin d,hypercalcemia; hypercalciuria; nephrolithiasis,,"Vitamin D-Mediated Hypercalcemia: Mechanisms, Diagnosis, and Treatment.",https://pubmed.ncbi.nlm.nih.gov/27588937/
pubmed:34508834:pubmed_kidney_stone_refined_20260603T125918_598b32ee,kidney_stone_refined,34508834,2022,likely_exclude,likely_exclude,urolithiasis,calcium; supplement,,,Pathophysiology and Management of Hyperoxaluria and Oxalate Nephropathy: A Review.,https://pubmed.ncbi.nlm.nih.gov/34508834/
pubmed:36745886:pubmed_kidney_stone_refined_20260603T125918_598b32ee,kidney_stone_refined,36745886,2023,likely_exclude,likely_exclude,kidney stone; hypercalciuria,vitamin d,hypercalcemia; hypercalciuria; kidney stone; adverse,systematic review; meta-analysis; randomized; clinical trial,Vitamin D and Risk for Type 2 Diabetes in People With Prediabetes : A Systematic Review and Meta-analysis of Individual Participant Data From 3 Randomized Clinical Trials.,https://pubmed.ncbi.nlm.nih.gov/36745886/
pubmed:39077939:pubmed_kidney_stone_refined_20260603T125918_598b32ee,kidney_stone_refined,39077939,2024,likely_exclude,likely_exclude,hypercalciuria,calcium; vitamin d; supplement,hypercalciuria; adverse,systematic review; randomised; clinical trial,Vitamin D supplementation for women during pregnancy.,https://pubmed.ncbi.nlm.nih.gov/39077939/
pubmed:34774244:pubmed_kidney_stone_refined_20260603T125918_598b32ee,kidney_stone_refined,34774244,2021,likely_exclude,likely_exclude,hypercalciuria,calcium; vitamin d,hypercalcemia; hypercalciuria,,Vitamin D-dependent Hypercalcemia.,https://pubmed.ncbi.nlm.nih.gov/34774244/
pubmed:29264783:pubmed_kidney_stone_refined_20260603T125918_598b32ee,kidney_stone_refined,29264783,2018,likely_exclude,likely_exclude,kidney stone; nephrolithiasis,calcium; vitamin d; supplement,kidney stone; nephrolithiasis,,"Drug-Induced Kidney Stones and Crystalline Nephropathy: Pathophysiology, Prevention and Treatment.",https://pubmed.ncbi.nlm.nih.gov/29264783/
pubmed:34959915:pubmed_kidney_stone_refined_20260603T125918_598b32ee,kidney_stone_refined,34959915,2021,likely_exclude,likely_exclude,kidney stone; nephrolithiasis; hypercalciuria,calcium; vitamin d; supplement,hypercalciuria; kidney stone; nephrolithiasis,,Calcium and Vitamin D Supplementation and Their Association with Kidney Stone Disease: A Narrative Review.,https://pubmed.ncbi.nlm.nih.gov/34959915/
pubmed:26463139:pubmed_kidney_stone_refined_20260603T125918_598b32ee,kidney_stone_refined,26463139,2016,likely_exclude,likely_exclude,kidney stone,vitamin c; supplement,kidney stone,cohort,"Total, Dietary, and Supplemental Vitamin C Intake and Risk of Incident Kidney Stones.",https://pubmed.ncbi.nlm.nih.gov/26463139/
pubmed:26150027:pubmed_kidney_stone_refined_20260603T125918_598b32ee,kidney_stone_refined,26150027,2015,likely_exclude,likely_exclude,kidney stone; renal stone; nephrolithiasis; hypercalciuria,calcium; supplement,hypercalciuria; kidney stone; nephrolithiasis; recurrence,,Dietary treatment of urinary risk factors for renal stone formation. A review of CLU Working Group.,https://pubmed.ncbi.nlm.nih.gov/26150027/
pubmed:11195313:pubmed_kidney_stone_refined_20260603T125918_598b32ee,kidney_stone_refined,11195313,2000,likely_exclude,likely_exclude,nephrolithiasis; hypercalciuria,calcium; vitamin d,hypercalciuria; nephrolithiasis,,Hypercalciuria.,https://pubmed.ncbi.nlm.nih.gov/11195313/
pubmed:10435676:pubmed_kidney_stone_refined_20260603T125918_598b32ee,kidney_stone_refined,10435676,1999,likely_exclude,likely_exclude,kidney stone; nephrolithiasis; hypercalciuria,calcium; vitamin d,hypercalciuria; kidney stone; nephrolithiasis,,Nephrolithiasis.,https://pubmed.ncbi.nlm.nih.gov/10435676/
pubmed:16357816:pubmed_kidney_stone_refined_20260603T125918_598b32ee,kidney_stone_refined,16357816,2005,likely_exclude,likely_exclude,nephrolithiasis; hypercalciuria,calcium; vitamin d,hypercalciuria; nephrolithiasis,,[Hypercalciuria].,https://pubmed.ncbi.nlm.nih.gov/16357816/
pubmed:15133327:pubmed_kidney_stone_refined_20260603T125918_598b32ee,kidney_stone_refined,15133327,2004,likely_exclude,likely_exclude,nephrolithiasis; urolithiasis; hypercalciuria,calcium; vitamin d,hypercalciuria; nephrolithiasis,,Osteoporosis and urolithiasis.,https://pubmed.ncbi.nlm.nih.gov/15133327/
pubmed:28879535:pubmed_kidney_stone_refined_20260603T125918_598b32ee,kidney_stone_refined,28879535,2018,likely_exclude,likely_exclude,hypercalciuria,calcium; vitamin d,hypercalcemia; hypercalciuria,,Hypercalcemia: a consultant's approach.,https://pubmed.ncbi.nlm.nih.gov/28879535/
pubmed:29562593:pubmed_kidney_stone_refined_20260603T125918_598b32ee,kidney_stone_refined,29562593,2018,likely_exclude,likely_exclude,kidney stone; nephrolithiasis; hypercalciuria,calcium; vitamin d; supplement,hypercalciuria; kidney stone; nephrolithiasis,,"Vitamin D, Hypercalciuria and Kidney Stones.",https://pubmed.ncbi.nlm.nih.gov/29562593/
pubmed:27539983:pubmed_kidney_stone_refined_20260603T125918_598b32ee,kidney_stone_refined,27539983,2017,likely_exclude,likely_exclude,urolithiasis,calcium; vitamin d,recurrence,,Pathophysiology-based treatment of urolithiasis.,https://pubmed.ncbi.nlm.nih.gov/27539983/
pubmed:33461896:pubmed_kidney_stone_refined_20260603T125918_598b32ee,kidney_stone_refined,33461896,2021,likely_exclude,likely_exclude,urolithiasis; hypercalciuria,calcium; vitamin d,hypercalciuria,,[Nephrocalcinosis in children].,https://pubmed.ncbi.nlm.nih.gov/33461896/
pubmed:32533118:pubmed_kidney_stone_refined_20260603T125918_598b32ee,kidney_stone_refined,32533118,2020,likely_exclude,likely_exclude,kidney stone; nephrolithiasis; hypercalciuria,calcium; vitamin d,hypercalciuria; kidney stone; nephrolithiasis,,Genetics of kidney stone disease.,https://pubmed.ncbi.nlm.nih.gov/32533118/
pubmed:38606357:pubmed_kidney_stone_refined_20260603T125918_598b32ee,kidney_stone_refined,38606357,2024,likely_exclude,likely_exclude,nephrolithiasis; hypercalciuria,calcium; vitamin d,hypercalcemia; hypercalciuria; nephrolithiasis,,Review of childhood genetic nephrolithiasis and nephrocalcinosis.,https://pubmed.ncbi.nlm.nih.gov/38606357/
pubmed:39836479:pubmed_kidney_stone_refined_20260603T125918_598b32ee,kidney_stone_refined,39836479,2025,likely_exclude,likely_exclude,hypercalciuria,calcium; vitamin d,hypercalcemia; hypercalciuria,,Calcium-Sensing Receptor in the Thick Ascending Limb and Renal Response to Hypercalcemia.,https://pubmed.ncbi.nlm.nih.gov/39836479/
pubmed:8620732:pubmed_kidney_stone_refined_20260603T125918_598b32ee,kidney_stone_refined,8620732,1996,manual_review_high,include_candidate,renal stone; hypercalciuria,calcium; vitamin d,hypercalcemia; hypercalciuria,,"Vitamin D, calcium, and sarcoidosis.",https://pubmed.ncbi.nlm.nih.gov/8620732/
pubmed:37761859:pubmed_kidney_stone_refined_20260603T125918_598b32ee,kidney_stone_refined,37761859,2023,likely_exclude,likely_exclude,nephrolithiasis,vitamin c,nephrolithiasis,,"Oxalate (dys)Metabolism: Person-to-Person Variability, Kidney and Cardiometabolic Toxicity.",https://pubmed.ncbi.nlm.nih.gov/37761859/
pubmed:36645022:pubmed_kidney_stone_refined_20260603T125918_598b32ee,kidney_stone_refined,36645022,2023,likely_exclude,likely_exclude,urolithiasis,calcium; vitamin d,hypercalcemia; adverse,,Ionized hypercalcemia in 238 cats from a referral hospital population (2009-2019).,https://pubmed.ncbi.nlm.nih.gov/36645022/
pubmed:35598638:pubmed_kidney_stone_refined_20260603T125918_598b32ee,kidney_stone_refined,35598638,2022,likely_exclude,likely_exclude,nephrolithiasis; hypercalciuria,calcium; vitamin d,hypercalcemia; hypercalciuria; nephrolithiasis,,Calcium homeostasis and hyperparathyroidism: Nephrologic and endocrinologic points of view.,https://pubmed.ncbi.nlm.nih.gov/35598638/
pubmed:37049567:pubmed_kidney_stone_refined_20260603T125918_598b32ee,kidney_stone_refined,37049567,2023,likely_exclude,likely_exclude,kidney stone; urolithiasis; hypercalciuria,calcium; vitamin d; supplement,hypercalciuria; kidney stone,,Vitamin D and Calcium Supplementation and Urolithiasis: A Controversial and Multifaceted Relationship.,https://pubmed.ncbi.nlm.nih.gov/37049567/
pubmed:26816771:pubmed_kidney_stone_refined_20260603T125918_598b32ee,kidney_stone_refined,26816771,2014,likely_exclude,likely_exclude,,calcium; vitamin d; supplement,,,Calcium intake and urinary stone disease.,https://pubmed.ncbi.nlm.nih.gov/26816771/
pubmed:16775455:pubmed_kidney_stone_refined_20260603T125918_598b32ee,kidney_stone_refined,16775455,2006,likely_exclude,likely_exclude,hypercalciuria,calcium; vitamin d,hypercalciuria,,Genetic hypercalciuric stone-forming rats.,https://pubmed.ncbi.nlm.nih.gov/16775455/
pubmed:29664757:pubmed_kidney_stone_refined_20260603T125918_598b32ee,kidney_stone_refined,29664757,2018,likely_exclude,likely_exclude,kidney stone; nephrolithiasis; hypercalciuria,calcium; vitamin d,hypercalciuria; kidney stone; nephrolithiasis,randomized; clinical trial,Primary hyperparathyroidism: recent advances.,https://pubmed.ncbi.nlm.nih.gov/29664757/
pubmed:29376607:pubmed_kidney_stone_refined_20260603T125918_598b32ee,kidney_stone_refined,29376607,2017,manual_review_high,include_candidate,nephrolithiasis; hypercalciuria,calcium; vitamin d,hypercalciuria; nephrolithiasis,systematic review,[Idiopathic hypercalciuria. Diagnosis and treatment].,https://pubmed.ncbi.nlm.nih.gov/29376607/
pubmed:40551736:pubmed_kidney_stone_refined_20260603T125918_598b32ee,kidney_stone_refined,40551736,2025,likely_exclude,likely_exclude,nephrolithiasis,calcium; vitamin d; supplement,hypercalcemia; nephrolithiasis,randomized; clinical trial,"Cholecalciferol (vitamin D3): efficacy, safety, and implications in public health.",https://pubmed.ncbi.nlm.nih.gov/40551736/
pubmed:41258546:pubmed_kidney_stone_refined_20260603T125918_598b32ee,kidney_stone_refined,41258546,2025,likely_exclude,likely_exclude,kidney stone,calcium; supplement,kidney stone; recurrence,,The Role of Diet in Kidney Stone Pathogenesis and Prevention.,https://pubmed.ncbi.nlm.nih.gov/41258546/
pubmed:34857184:pubmed_kidney_stone_refined_20260603T125918_598b32ee,kidney_stone_refined,34857184,2021,likely_exclude,likely_exclude,hypercalciuria,vitamin d; supplement,hypercalcemia; hypercalciuria; adverse,systematic review,Safety and effectiveness of vitamin D mega-dose: A systematic review.,https://pubmed.ncbi.nlm.nih.gov/34857184/
pubmed:223811:pubmed_kidney_stone_refined_20260603T125918_598b32ee,kidney_stone_refined,223811,1979,likely_exclude,likely_exclude,renal stone; hypercalciuria,vitamin d,hypercalciuria,,Cadmium nephropathy.,https://pubmed.ncbi.nlm.nih.gov/223811/
pubmed:35930049:pubmed_kidney_stone_refined_20260603T125918_598b32ee,kidney_stone_refined,35930049,2023,likely_exclude,likely_exclude,hypercalciuria,vitamin d; supplement,hypercalciuria; adverse,,The clinical relevance of native vitamin D in pediatric kidney disease.,https://pubmed.ncbi.nlm.nih.gov/35930049/
pubmed:33659946:pubmed_kidney_stone_refined_20260603T125918_598b32ee,kidney_stone_refined,33659946,2020,likely_exclude,likely_exclude,hypercalciuria,calcium; vitamin d; supplement,hypercalcemia; hypercalciuria; adverse,randomized,The role of vitamin D in sarcoidosis.,https://pubmed.ncbi.nlm.nih.gov/33659946/
pubmed:33379176:pubmed_kidney_stone_refined_20260603T125918_598b32ee,kidney_stone_refined,33379176,2020,manual_review_high,include_candidate,kidney stone,calcium; vitamin c; ascorbic acid,kidney stone,cohort,Contribution of Dietary Oxalate and Oxalate Precursors to Urinary Oxalate Excretion.,https://pubmed.ncbi.nlm.nih.gov/33379176/
pubmed:32857334:pubmed_kidney_stone_refined_20260603T125918_598b32ee,kidney_stone_refined,32857334,2021,manual_review_high,include_candidate,hypercalciuria,calcium; vitamin d; supplement,hypercalcemia; hypercalciuria; adverse,,Vitamin D supplementation: upper limit for safety revisited?,https://pubmed.ncbi.nlm.nih.gov/32857334/
pubmed:41348736:pubmed_kidney_stone_refined_20260603T125918_598b32ee,kidney_stone_refined,41348736,2025,likely_exclude,likely_exclude,kidney stone; urolithiasis,calcium; supplement,kidney stone; recurrence; adverse,randomized,Lime-based supplement reduces calcium oxalate stone recurrence: A multicenter randomized controlled trial.,https://pubmed.ncbi.nlm.nih.gov/41348736/
pubmed:16775452:pubmed_kidney_stone_refined_20260603T125918_598b32ee,kidney_stone_refined,16775452,2006,likely_exclude,likely_exclude,hypercalciuria,calcium; vitamin d,hypercalciuria,,Vitamin D and calcium receptors: links to hypercalciuria.,https://pubmed.ncbi.nlm.nih.gov/16775452/
pubmed:33910705:pubmed_kidney_stone_refined_20260603T125918_598b32ee,kidney_stone_refined,33910705,2021,likely_exclude,likely_exclude,kidney stone; nephrolithiasis,calcium; vitamin d,kidney stone; nephrolithiasis; recurrence,cohort,Genetics of kidney stone disease-Polygenic meets monogenic.,https://pubmed.ncbi.nlm.nih.gov/33910705/
pubmed:31718265:pubmed_kidney_stone_refined_20260603T125918_598b32ee,kidney_stone_refined,31718265,2019,likely_exclude,likely_exclude,,calcium; vitamin d; supplement,hypercalcemia,,Sarcoidosis and calcium homeostasis disturbances-Do we know where we stand?,https://pubmed.ncbi.nlm.nih.gov/31718265/
pubmed:39346653:pubmed_kidney_stone_refined_20260603T125918_598b32ee,kidney_stone_refined,39346653,2024,likely_exclude,likely_exclude,kidney stone,calcium; vitamin d; supplement,kidney stone,randomized,"The complex relationship between vitamin D and kidney stones: balance, risks, and prevention strategies.",https://pubmed.ncbi.nlm.nih.gov/39346653/
pubmed:24910823:pubmed_kidney_stone_refined_20260603T125918_598b32ee,kidney_stone_refined,24910823,2013,manual_review_low,manual_review_low,renal stone,calcium; vitamin d; supplement,,randomized,Calcium and vitamin D in post menopausal women.,https://pubmed.ncbi.nlm.nih.gov/24910823/
pubmed:6765068:pubmed_kidney_stone_refined_20260603T125918_598b32ee,kidney_stone_refined,6765068,1982,likely_exclude,likely_exclude,nephrolithiasis; hypercalciuria,vitamin d; supplement,hypercalcemia; hypercalciuria; nephrolithiasis,,Vitamin D and bone health in the elderly.,https://pubmed.ncbi.nlm.nih.gov/6765068/
pubmed:32990535:pubmed_kidney_stone_refined_20260603T125918_598b32ee,kidney_stone_refined,32990535,2021,likely_exclude,likely_exclude,kidney stone; urolithiasis,calcium; supplement,kidney stone; recurrence; adverse,randomized; clinical trial,Phytotherapy and Herbal Medicines for Kidney Stones.,https://pubmed.ncbi.nlm.nih.gov/32990535/
pubmed:40353475:pubmed_kidney_stone_refined_20260603T125918_598b32ee,kidney_stone_refined,40353475,2025,likely_exclude,likely_exclude,kidney stone; urolithiasis,calcium; vitamin d; ascorbic acid,kidney stone,systematic review; clinical trial,Recent Progression and Treatment Approaches for the Kidney Stone Management.,https://pubmed.ncbi.nlm.nih.gov/40353475/
pubmed:9429689:pubmed_kidney_stone_refined_20260603T125918_598b32ee,kidney_stone_refined,9429689,1997,likely_exclude,likely_exclude,kidney stone,calcium; vitamin c; ascorbic acid,kidney stone,,No contribution of ascorbic acid to renal calcium oxalate stones.,https://pubmed.ncbi.nlm.nih.gov/9429689/
pubmed:23137489:pubmed_kidney_stone_refined_20260603T125918_598b32ee,kidney_stone_refined,23137489,2012,likely_exclude,likely_exclude,kidney stone; nephrolithiasis; urolithiasis,calcium; supplement,kidney stone; nephrolithiasis,systematic review; randomised; clinical trial; cohort,Calcium supplementation and kidney stone risk in osteoporosis: a systematic literature review.,https://pubmed.ncbi.nlm.nih.gov/23137489/
pubmed:28734988:pubmed_kidney_stone_refined_20260603T125918_598b32ee,kidney_stone_refined,28734988,2018,likely_exclude,likely_exclude,hypercalciuria,calcium; vitamin d; supplement,hypercalcemia; hypercalciuria; adverse,,Can adverse effects of excessive vitamin D supplementation occur without developing hypervitaminosis D?,https://pubmed.ncbi.nlm.nih.gov/28734988/
pubmed:29275531:pubmed_kidney_stone_refined_20260603T125918_598b32ee,kidney_stone_refined,29275531,2019,likely_exclude,likely_exclude,kidney stone; hypercalciuria,calcium; vitamin d,hypercalcemia; hypercalciuria; kidney stone,,Renal phosphate handling and inherited disorders of phosphate reabsorption: an update.,https://pubmed.ncbi.nlm.nih.gov/29275531/
pubmed:7984788:pubmed_kidney_stone_refined_20260603T125918_598b32ee,kidney_stone_refined,7984788,1994,likely_exclude,likely_exclude,nephrolithiasis; hypercalciuria,calcium; vitamin d; supplement,hypercalcemia; hypercalciuria; nephrolithiasis,clinical trial,"Role of vitamin D, its metabolites, and analogs in the management of osteoporosis.",https://pubmed.ncbi.nlm.nih.gov/7984788/
pubmed:10593318:pubmed_kidney_stone_refined_20260603T125918_598b32ee,kidney_stone_refined,10593318,1999,likely_exclude,likely_exclude,kidney stone; nephrolithiasis; hypercalciuria,calcium; supplement,hypercalciuria; kidney stone; nephrolithiasis,,Prevention of recurrent nephrolithiasis.,https://pubmed.ncbi.nlm.nih.gov/10593318/
pubmed:31160051:pubmed_kidney_stone_refined_20260603T125918_598b32ee,kidney_stone_refined,31160051,2019,likely_exclude,likely_exclude,kidney stone; hypercalciuria,calcium; vitamin d,hypercalcemia; hypercalciuria; kidney stone,,The idiopathic hypercalciuria reviewed. Metabolic abnormality or disease?,https://pubmed.ncbi.nlm.nih.gov/31160051/
pubmed:38911445:pubmed_kidney_stone_refined_20260603T125918_598b32ee,kidney_stone_refined,38911445,2024,likely_exclude,likely_exclude,kidney stone; urolithiasis,calcium; ascorbic acid,kidney stone,,Oxalates: Dietary Oxalates and Kidney Inflammation: A Literature Review.,https://pubmed.ncbi.nlm.nih.gov/38911445/
pubmed:30632117:pubmed_kidney_stone_refined_20260603T125918_598b32ee,kidney_stone_refined,30632117,2019,likely_exclude,likely_exclude,urolithiasis; hypercalciuria,calcium; vitamin d; supplement,hypercalcemia; hypercalciuria,,Vitamin D and Calcium Homeostasis in Infants with Urolithiasis.,https://pubmed.ncbi.nlm.nih.gov/30632117/
pubmed:35768889:pubmed_kidney_stone_refined_20260603T125918_598b32ee,kidney_stone_refined,35768889,2022,likely_exclude,likely_exclude,kidney stone; hypercalciuria,calcium; supplement,hypercalciuria; kidney stone,,"Beta-thalassaemia major: Prevalence, risk factors and clinical consequences of hypercalciuria.",https://pubmed.ncbi.nlm.nih.gov/35768889/
pubmed:30529281:pubmed_kidney_stone_refined_20260603T125918_598b32ee,kidney_stone_refined,30529281,2019,likely_exclude,likely_exclude,kidney stone; hypercalciuria,calcium; vitamin d; supplement,hypercalcemia; hypercalciuria; kidney stone; adverse,systematic review; randomized; clinical trial,Adverse events from large dose vitamin D supplementation taken for one year or longer.,https://pubmed.ncbi.nlm.nih.gov/30529281/
pubmed:26473773:pubmed_kidney_stone_refined_20260603T125918_598b32ee,kidney_stone_refined,26473773,2015,likely_exclude,likely_exclude,kidney stone,calcium; vitamin d; supplement,hypercalcemia; kidney stone; adverse,systematic review; randomized,Should we prescribe calcium or vitamin D supplements to treat or prevent osteoporosis?,https://pubmed.ncbi.nlm.nih.gov/26473773/
pubmed:38682062:pubmed_kidney_stone_refined_20260603T125918_598b32ee,kidney_stone_refined,38682062,2024,likely_exclude,likely_exclude,kidney stone; nephrolithiasis; urolithiasis,calcium; supplement,kidney stone; nephrolithiasis; recurrence,systematic review,Therapeutic effects of probiotics and herbal medications on oxalate nephrolithiasis: a mini systematic review.,https://pubmed.ncbi.nlm.nih.gov/38682062/
pubmed:31122608:pubmed_kidney_stone_refined_20260603T125918_598b32ee,kidney_stone_refined,31122608,2019,likely_exclude,likely_exclude,kidney stone; hypercalciuria,calcium; vitamin d,hypercalciuria; kidney stone,,Phosphaturia in kidney stone formers: Still an enigma.,https://pubmed.ncbi.nlm.nih.gov/31122608/
pubmed:35663378:pubmed_kidney_stone_refined_20260603T125918_598b32ee,kidney_stone_refined,35663378,2022,likely_exclude,likely_exclude,hypercalciuria,calcium; vitamin d; supplement,hypercalciuria,,Growth hormone therapy in HHRH.,https://pubmed.ncbi.nlm.nih.gov/35663378/
pubmed:38452902:pubmed_kidney_stone_refined_20260603T125918_598b32ee,kidney_stone_refined,38452902,2024,likely_exclude,likely_exclude,kidney stone; nephrolithiasis; hypercalciuria,calcium; supplement,hypercalciuria; kidney stone; nephrolithiasis,,Sex-specific Stone-forming Phenotype in Mice During Hypercalciuria/Urine Alkalinization.,https://pubmed.ncbi.nlm.nih.gov/38452902/
pubmed:33316222:pubmed_kidney_stone_refined_20260603T125918_598b32ee,kidney_stone_refined,33316222,2021,likely_exclude,likely_exclude,hypercalciuria,calcium; vitamin d,hypercalciuria,,Rare diseases of phosphate and calcium metabolism: Crossing glances between nephrology and endocrinology.,https://pubmed.ncbi.nlm.nih.gov/33316222/
pubmed:7041638:pubmed_kidney_stone_refined_20260603T125918_598b32ee,kidney_stone_refined,7041638,1982,likely_exclude,likely_exclude,hypercalciuria,calcium; vitamin d,hypercalcemia; hypercalciuria,,Calcium-oxalate-crystal-induced bone disease.,https://pubmed.ncbi.nlm.nih.gov/7041638/
pubmed:28335477:pubmed_kidney_stone_refined_20260603T125918_598b32ee,kidney_stone_refined,28335477,2017,likely_exclude,likely_exclude,nephrolithiasis; urolithiasis; hypercalciuria,calcium; vitamin d,hypercalciuria; nephrolithiasis,systematic review; meta-analysis,Association between Circulating Vitamin D Level and Urolithiasis: A Systematic Review and Meta-Analysis.,https://pubmed.ncbi.nlm.nih.gov/28335477/
pubmed:38015778:pubmed_kidney_stone_refined_20260603T125918_598b32ee,kidney_stone_refined,38015778,2023,manual_review_high,include_candidate,kidney stone; hypercalciuria,calcium,hypercalciuria; kidney stone,,Idiopathic Hypercalciuria - A Major Metabolic Risk for Calcium Kidney Stone Disease.,https://pubmed.ncbi.nlm.nih.gov/38015778/
pubmed:36547746:pubmed_kidney_stone_refined_20260603T125918_598b32ee,kidney_stone_refined,36547746,2022,likely_exclude,likely_exclude,kidney stone; urolithiasis,calcium; supplement,kidney stone,,Osteopontin phosphopeptide mitigates calcium oxalate stone formation in a Drosophila melanogaster model.,https://pubmed.ncbi.nlm.nih.gov/36547746/
pubmed:25511115:pubmed_kidney_stone_refined_20260603T125918_598b32ee,kidney_stone_refined,25511115,2015,likely_exclude,likely_exclude,hypercalciuria,vitamin d,hypercalcemia; hypercalciuria; adverse,systematic review; meta-analysis; clinical trial,Rapid normalization of vitamin D levels: a meta-analysis.,https://pubmed.ncbi.nlm.nih.gov/25511115/
pubmed:15193974:pubmed_kidney_stone_refined_20260603T125918_598b32ee,kidney_stone_refined,15193974,2004,likely_exclude,likely_exclude,kidney stone; urolithiasis,calcium; supplement,kidney stone,,Idiopathic calcium oxalate urolithiasis: risk factors and conservative treatment.,https://pubmed.ncbi.nlm.nih.gov/15193974/
pubmed:9387131:pubmed_kidney_stone_refined_20260603T125918_598b32ee,kidney_stone_refined,9387131,1997,likely_exclude,likely_exclude,nephrolithiasis; hypercalciuria,calcium; vitamin d,hypercalciuria; nephrolithiasis,,Calciotropic hormones and nephrolithiasis.,https://pubmed.ncbi.nlm.nih.gov/9387131/
pubmed:37768904:pubmed_kidney_stone_refined_20260603T125918_598b32ee,kidney_stone_refined,37768904,2023,likely_exclude,likely_exclude,kidney stone; hypercalciuria,calcium; vitamin d,hypercalcemia; hypercalciuria; kidney stone,,Clinical heterogeneity and therapeutic options for idiopathic infantile hypercalcemia caused by CYP24A1 pathogenic variant.,https://pubmed.ncbi.nlm.nih.gov/37768904/
pubmed:29939320:pubmed_kidney_stone_refined_20260603T125918_598b32ee,kidney_stone_refined,29939320,2019,likely_exclude,likely_exclude,kidney stone; hypercalciuria,calcium; vitamin d,hypercalciuria; kidney stone,cohort,Distinct phenotype of kidney stone formers with renal phosphate leak.,https://pubmed.ncbi.nlm.nih.gov/29939320/
pubmed:32292073:pubmed_kidney_stone_refined_20260603T125918_598b32ee,kidney_stone_refined,32292073,2020,likely_exclude,likely_exclude,urolithiasis,calcium; supplement,,,Oxidative stress and endoplasmic stress in calcium oxalate stone disease: the chicken or the egg?,https://pubmed.ncbi.nlm.nih.gov/32292073/
pubmed:14670550:pubmed_kidney_stone_refined_20260603T125918_598b32ee,kidney_stone_refined,14670550,2003,likely_exclude,likely_exclude,kidney stone,calcium; vitamin d; supplement,kidney stone; recurrence,randomized,The potential benefits of dietary and/or supplemental calcium and vitamin D.,https://pubmed.ncbi.nlm.nih.gov/14670550/
pubmed:10491744:pubmed_kidney_stone_refined_20260603T125918_598b32ee,kidney_stone_refined,10491744,1999,likely_exclude,likely_exclude,kidney stone; hypercalciuria,calcium; vitamin d,hypercalciuria; kidney stone,,Genetic hypercalciuric stone-forming rats.,https://pubmed.ncbi.nlm.nih.gov/10491744/
pubmed:38765596:pubmed_kidney_stone_refined_20260603T125918_598b32ee,kidney_stone_refined,38765596,2024,likely_exclude,likely_exclude,kidney stone; hypercalciuria,calcium; vitamin d,hypercalciuria; kidney stone,cohort,The Vitamin D Metabolite Diagnostic Ratio Associates With Phenotypic Traits of Idiopathic Hypercalciuria.,https://pubmed.ncbi.nlm.nih.gov/38765596/
pubmed:25290538:pubmed_kidney_stone_refined_20260603T125918_598b32ee,kidney_stone_refined,25290538,2014,manual_review_high,include_candidate,hypercalciuria,calcium; vitamin d; supplement,hypercalcemia; hypercalciuria,,Effects of vitamin D and calcium supplementation on hypercalcemia and hypercalciuria.,https://pubmed.ncbi.nlm.nih.gov/25290538/
pubmed:40330359:pubmed_kidney_stone_refined_20260603T125918_598b32ee,kidney_stone_refined,40330359,2025,likely_exclude,likely_exclude,kidney stone; nephrolithiasis; hypercalciuria,calcium; supplement,hypercalciuria; kidney stone; nephrolithiasis,,Idiopathic Hypercalciuria: A Comprehensive Review of Clinical Insights and Management Strategies.,https://pubmed.ncbi.nlm.nih.gov/40330359/
pubmed:24423361:pubmed_kidney_stone_refined_20260603T125918_598b32ee,kidney_stone_refined,24423361,2014,likely_exclude,likely_exclude,nephrolithiasis; hypercalciuria,calcium; vitamin d,hypercalcemia; hypercalciuria; nephrolithiasis,case report,"A lifetime of hypercalcemia and hypercalciuria, finally explained.",https://pubmed.ncbi.nlm.nih.gov/24423361/
pubmed:23154110:pubmed_kidney_stone_refined_20260603T125918_598b32ee,kidney_stone_refined,23154110,2013,likely_exclude,likely_exclude,nephrolithiasis; hypercalciuria,calcium; vitamin d,hypercalcemia; hypercalciuria; nephrolithiasis; recurrence,,[Kidney involvement in sarcoidosis].,https://pubmed.ncbi.nlm.nih.gov/23154110/
pubmed:26707509:pubmed_kidney_stone_refined_20260603T125918_598b32ee,kidney_stone_refined,26707509,2016,likely_exclude,likely_exclude,kidney stone; nephrolithiasis,calcium; supplement,kidney stone; nephrolithiasis,,Nephrolithiasis and Risk of Incident Bone Fracture.,https://pubmed.ncbi.nlm.nih.gov/26707509/
pubmed:24445125:pubmed_kidney_stone_refined_20260603T125918_598b32ee,kidney_stone_refined,24445125,2013,likely_exclude,likely_exclude,hypercalciuria,calcium; vitamin d; supplement,hypercalciuria,,Use of parathyroid hormone in hypoparathyroidism.,https://pubmed.ncbi.nlm.nih.gov/24445125/
pubmed:229736:pubmed_kidney_stone_refined_20260603T125918_598b32ee,kidney_stone_refined,229736,1979,likely_exclude,likely_exclude,hypercalciuria,calcium; vitamin d,hypercalciuria,,Physiological basis for absorptive and renal hypercalciurias.,https://pubmed.ncbi.nlm.nih.gov/229736/
pubmed:30851716:pubmed_kidney_stone_refined_20260603T125918_598b32ee,kidney_stone_refined,30851716,2019,likely_exclude,likely_exclude,nephrolithiasis; hypercalciuria,calcium; vitamin d; supplement,hypercalciuria; nephrolithiasis,,Vitamin D Supplementation and Risk of Hypercalciuria in Stone Formers.,https://pubmed.ncbi.nlm.nih.gov/30851716/
pubmed:41499143:pubmed_kidney_stone_refined_20260603T125918_598b32ee,kidney_stone_refined,41499143,2026,likely_exclude,likely_exclude,nephrolithiasis; hypercalciuria,calcium; vitamin d; supplement,hypercalcemia; hypercalciuria; nephrolithiasis,,Challenges and pitfalls in diagnosing and managing severe gestational hypercalcemia.,https://pubmed.ncbi.nlm.nih.gov/41499143/
pubmed:36156733:pubmed_kidney_stone_refined_20260603T125918_598b32ee,kidney_stone_refined,36156733,2023,likely_exclude,likely_exclude,hypercalciuria,calcium; supplement,hypercalcemia; hypercalciuria,,Idiopathic infantile hypercalcemia in children with chronic kidney disease due to kidney hypodysplasia.,https://pubmed.ncbi.nlm.nih.gov/36156733/
pubmed:29926935:pubmed_kidney_stone_refined_20260603T125918_598b32ee,kidney_stone_refined,29926935,2018,likely_exclude,likely_exclude,nephrolithiasis,calcium; vitamin d,nephrolithiasis,,"Bacteria, Bones, and Stones: Managing Complications of Short Bowel Syndrome.",https://pubmed.ncbi.nlm.nih.gov/29926935/
pubmed:31188746:pubmed_kidney_stone_refined_20260603T125918_598b32ee,kidney_stone_refined,31188746,2019,likely_exclude,likely_exclude,renal stone; nephrolithiasis; hypercalciuria,calcium; vitamin d,hypercalcemia; hypercalciuria; nephrolithiasis,,CYP24A1 and SLC34A1 genetic defects associated with idiopathic infantile hypercalcemia: from genotype to phenotype.,https://pubmed.ncbi.nlm.nih.gov/31188746/
pubmed:36118750:pubmed_kidney_stone_refined_20260603T125918_598b32ee,kidney_stone_refined,36118750,2022,likely_exclude,likely_exclude,urolithiasis; hypercalciuria,calcium; vitamin d; supplement,hypercalciuria; adverse,,Association of hypercalciuria with vitamin D supplementation in patients undergoing ketogenic dietary therapy.,https://pubmed.ncbi.nlm.nih.gov/36118750/
pubmed:41149617:pubmed_kidney_stone_refined_20260603T125918_598b32ee,kidney_stone_refined,41149617,2025,likely_exclude,likely_exclude,renal stone; nephrolithiasis,calcium; vitamin d; supplement,nephrolithiasis,,Vitamin D Metabolism and the Risk of Renal Stones: A Focus on PHPT.,https://pubmed.ncbi.nlm.nih.gov/41149617/
pubmed:31449775:pubmed_kidney_stone_refined_20260603T125918_598b32ee,kidney_stone_refined,31449775,2019,likely_exclude,likely_exclude,kidney stone; hypercalciuria,calcium; vitamin d; supplement,hypercalciuria; kidney stone,,Vitamin D and Calcium Supplementation Accelerates Randall's Plaque Formation in a Murine Model.,https://pubmed.ncbi.nlm.nih.gov/31449775/
pubmed:30109410:pubmed_kidney_stone_refined_20260603T125918_598b32ee,kidney_stone_refined,30109410,2019,likely_exclude,likely_exclude,kidney stone; hypercalciuria,calcium; vitamin d; supplement,hypercalciuria; kidney stone,,"Hereditary hypophosphatemic rickets with hypercalciuria: pathophysiology, clinical presentation, diagnosis and therapy.",https://pubmed.ncbi.nlm.nih.gov/30109410/
pubmed:15685503:pubmed_kidney_stone_refined_20260603T125918_598b32ee,kidney_stone_refined,15685503,2005,manual_review_high,include_candidate,kidney stone; nephrolithiasis; hypercalciuria,calcium; supplement,hypercalciuria; kidney stone; nephrolithiasis,cohort,Fatty acid intake and incident nephrolithiasis.,https://pubmed.ncbi.nlm.nih.gov/15685503/
pubmed:32777848:pubmed_kidney_stone_refined_20260603T125918_598b32ee,kidney_stone_refined,32777848,2020,likely_exclude,likely_exclude,kidney stone; hypercalciuria,calcium; vitamin d; supplement,hypercalcemia; hypercalciuria; kidney stone,,Balancing Altered Calcium Metabolism with Bone Health in Sarcoidosis.,https://pubmed.ncbi.nlm.nih.gov/32777848/
pubmed:39818292:pubmed_kidney_stone_refined_20260603T125918_598b32ee,kidney_stone_refined,39818292,2025,likely_exclude,likely_exclude,hypercalciuria,calcium; vitamin d; supplement,hypercalcemia; hypercalciuria,,Chapter 4: Differential diagnosis of primary hyperparathyroidism.,https://pubmed.ncbi.nlm.nih.gov/39818292/
pubmed:24055557:pubmed_kidney_stone_refined_20260603T125918_598b32ee,kidney_stone_refined,24055557,2013,likely_exclude,likely_exclude,renal stone,calcium; vitamin d,,,[Vitamin D and kidney diseases].,https://pubmed.ncbi.nlm.nih.gov/24055557/
